y_true,y_pred,residual
10.666666984558105,-1.3936893939971924,12.060356140136719
6.566666603088379,-1.424654483795166,7.991321086883545
5.300000190734863,-1.4551081657409668,6.75510835647583
0.8333333134651184,-1.4850414991378784,2.3183748722076416
-0.4000000059604645,-1.5144453048706055,1.1144453287124634
-11.866666793823242,-1.5433112382888794,-10.323355674743652
-9.5,-1.571630597114563,-7.928369522094727
-3.133333444595337,-1.595597267150879,-1.537736177444458
-1.100000023841858,-1.6157326698303223,0.5157326459884644
0.699999988079071,-1.6352392435073853,2.3352391719818115
-0.20000000298023224,-1.6541101932525635,1.4541101455688477
1.5,-1.672340750694275,3.1723408699035645
3.566666603088379,-1.6868804693222046,5.253547191619873
3.7333333492279053,-1.6924245357513428,5.425757884979248
2.7333333492279053,-1.6865897178649902,4.419922828674316
2.299999952316284,-1.679900884628296,3.97990083694458
2.0999999046325684,-1.6723746061325073,3.7723746299743652
1.7000000476837158,-1.663954734802246,3.363954782485962
0.8999999761581421,-1.6543192863464355,2.554319381713867
0.10000000149011612,-1.6433889865875244,1.7433890104293823
0.06666667014360428,-1.6304585933685303,1.6971253156661987
-0.6000000238418579,-1.6166865825653076,1.0166865587234497
-1.7999999523162842,-1.6020739078521729,-0.19792604446411133
-2.5999999046325684,-1.5865001678466797,-1.0134997367858887
-1.2000000476837158,-1.570087194442749,0.3700871467590332
-1.2666666507720947,-1.5528404712677002,0.28617382049560547
-0.5,-1.5347363948822021,1.0347363948822021
-2.3333332538604736,-1.5154938697814941,-0.8178393840789795
-0.4333333373069763,-1.4954230785369873,1.0620896816253662
0.8333333134651184,-1.4745306968688965,2.30786395072937
0.9333333373069763,-1.4527721405029297,2.386105537414551
0.6666666865348816,-1.429847002029419,2.0965137481689453
0.5,-1.4051687717437744,1.9051687717437744
-2.0333333015441895,-1.379608392715454,-0.6537249088287354
-3.6666667461395264,-1.3532376289367676,-2.313429117202759
-4.666666507720947,-1.3263545036315918,-3.3403120040893555
-1.9333332777023315,-1.2986621856689453,-0.6346710920333862
-1.0333333015441895,-1.2701833248138428,0.23685002326965332
-1.2999999523162842,-1.2377122640609741,-0.06228768825531006
-1.4666666984558105,-1.2013920545578003,-0.26527464389801025
-3.700743525707937e-17,-1.1641989946365356,1.1641989946365356
1.4333332777023315,-1.1261460781097412,2.559479236602783
-1.2333333492279053,-1.08731210231781,-0.14602124691009521
3.066666603088379,-1.0476353168487549,4.114301681518555
2.0,-1.0031450986862183,3.003145217895508
0.06666667014360428,-0.9468899965286255,1.013556718826294
0.8333333134651184,-0.869389533996582,1.7027227878570557
2.200000047683716,-0.7865351438522339,2.98653507232666
3.3333332538604736,-0.696782112121582,4.030115127563477
0.7333333492279053,-0.6067413091659546,1.3400746583938599
0.5,-0.5147602558135986,1.0147602558135986
1.2333333492279053,-0.42163702845573425,1.654970407485962
-3.0999999046325684,-0.3283076882362366,-2.7716922760009766
-3.8333332538604736,-0.2397260069847107,-3.593607187271118
0.6666666865348816,-0.14936262369155884,0.8160293102264404
0.1666666716337204,-0.05062633752822876,0.21729300916194916
-2.633333444595337,0.045187950134277344,-2.6785213947296143
-2.799999952316284,0.13977891206741333,-2.9397788047790527
-0.8999999761581421,0.2276495099067688,-1.1276495456695557
1.0666667222976685,0.3128698468208313,0.7537968754768372
1.6666666269302368,0.4016191363334656,1.265047550201416
1.9666666984558105,0.4950982928276062,1.4715683460235596
0.30000001192092896,0.5911023020744324,-0.2911022901535034
-1.2666666507720947,0.6927506327629089,-1.9594173431396484
-2.2333333492279053,0.8034996390342712,-3.0368330478668213
-1.4666666984558105,0.9030757546424866,-2.3697423934936523
-0.20000000298023224,0.9916573166847229,-1.191657304763794
-2.7666666507720947,1.0799028873443604,-3.846569538116455
-4.366666793823242,1.1690986156463623,-5.535765647888184
-0.1666666716337204,1.261579990386963,-1.4282466173171997
-2.0,1.3647396564483643,-3.3647396564483643
-0.36666667461395264,1.4690239429473877,-1.8356906175613403
6.633333206176758,1.5689749717712402,5.064358234405518
4.066666603088379,1.6630933284759521,2.4035732746124268
0.8666666746139526,1.7579927444458008,-0.8913260698318481
1.7000000476837158,1.8536455631256104,-0.15364551544189453
4.400000095367432,1.950023889541626,2.4499762058258057
6.900000095367432,2.047473430633545,4.852526664733887
7.9666666984558105,2.147477865219116,5.819189071655273
5.766666889190674,2.250624179840088,3.516042709350586
5.4666666984558105,2.3544342517852783,3.1122324466705322
9.666666984558105,2.4642016887664795,7.202465057373047
9.800000190734863,2.5758965015411377,7.224103927612305
8.766666412353516,2.694932460784912,6.0717339515686035
6.5333333015441895,2.807893753051758,3.7254395484924316
3.133333444595337,2.9182543754577637,0.21507906913757324
-0.30000001192092896,3.038668394088745,-3.3386683464050293
-0.5,3.1724023818969727,-3.6724023818969727
3.633333444595337,3.312673330307007,0.3206601142883301
6.199999809265137,3.4534850120544434,2.7465147972106934
5.099999904632568,3.5911288261413574,1.508871078491211
2.933333396911621,3.732551336288452,-0.799217939376831
-0.13333334028720856,3.8669610023498535,-4.000294208526611
-0.46666666865348816,4.01155948638916,-4.478226184844971
0.9333333373069763,4.16109561920166,-3.227762222290039
5.199999809265137,4.311606407165527,0.8883934020996094
9.366666793823242,4.466959476470947,4.899707317352295
9.800000190734863,4.623052597045898,5.176947593688965
9.399999618530273,4.782317638397217,4.617681980133057
9.866666793823242,4.9646735191345215,4.901993274688721
10.5,5.159453868865967,5.340546131134033
11.233333587646484,5.346331596374512,5.887001991271973
9.800000190734863,5.530674457550049,4.2693257331848145
9.899999618530273,5.705814361572266,4.194185256958008
8.600000381469727,5.879476547241211,2.7205238342285156
5.166666507720947,6.0547051429748535,-0.8880386352539062
8.533333778381348,6.230035781860352,2.303297996520996
8.899999618530273,6.40541410446167,2.4945855140686035
10.666666984558105,6.5807905197143555,4.08587646484375
11.566666603088379,6.7561116218566895,4.8105549812316895
10.300000190734863,6.931325912475586,3.3686742782592773
11.166666984558105,7.098077774047852,4.068589210510254
13.033333778381348,7.258511543273926,5.774822235107422
14.533333778381348,7.409826278686523,7.123507499694824
13.133333206176758,7.545548915863037,5.587784290313721
6.5,7.680429935455322,-1.1804299354553223
6.266666889190674,7.8149094581604,-1.5482425689697266
5.5333333015441895,7.948945045471191,-2.415611743927002
8.166666984558105,8.082497596740723,0.08416938781738281
8.966666221618652,8.215526580810547,0.7511396408081055
7.5,8.34799575805664,-0.8479957580566406
10.100000381469727,8.479862213134766,1.620138168334961
6.866666793823242,8.611089706420898,-1.7444229125976562
6.666666507720947,8.741683959960938,-2.0750174522399902
5.433333396911621,8.88309097290039,-3.4497575759887695
5.233333110809326,9.034180641174316,-3.8008475303649902
6.5333333015441895,9.183416366577148,-2.650083065032959
8.066666603088379,9.335607528686523,-1.2689409255981445
10.233333587646484,9.490067481994629,0.7432661056518555
11.5,9.644827842712402,1.8551721572875977
12.300000190734863,9.805481910705566,2.494518280029297
14.233333587646484,9.972198486328125,4.261135101318359
16.46666717529297,10.139327049255371,6.327340126037598
17.366666793823242,10.305277824401855,7.061388969421387
18.299999237060547,10.473118782043457,7.82688045501709
14.566666603088379,10.647027015686035,3.9196395874023438
11.333333015441895,10.831864356994629,0.5014686584472656
10.966666221618652,11.033638954162598,-0.06697273254394531
12.466666221618652,11.244903564453125,1.2217626571655273
15.100000381469727,11.457915306091309,3.642085075378418
15.366666793823242,11.67719841003418,3.6894683837890625
16.200000762939453,11.895566940307617,4.304433822631836
17.366666793823242,12.11212158203125,5.254545211791992
18.5,12.326807975769043,6.173192024230957
19.200000762939453,12.539552688598633,6.66044807434082
15.666666984558105,12.750298500061035,2.9163684844970703
12.366666793823242,12.958983421325684,-0.5923166275024414
13.300000190734863,13.165539741516113,0.13446044921875
15.066666603088379,13.369911193847656,1.6967554092407227
14.766666412353516,13.572039604187012,1.194626808166504
13.966666221618652,13.78150749206543,0.18515872955322266
14.833333015441895,14.00525951385498,0.8280735015869141
10.0,14.288053512573242,-4.288053512573242
9.566666603088379,14.586652755737305,-5.019986152648926
12.399999618530273,14.881814956665039,-2.4818153381347656
12.966666221618652,15.170073509216309,-2.2034072875976562
15.466666221618652,15.454298973083496,0.01236724853515625
18.46666717529297,15.72863483428955,2.738032341003418
20.100000381469727,16.043746948242188,4.056253433227539
19.03333282470703,16.359987258911133,2.6733455657958984
15.800000190734863,16.669815063476562,-0.8698148727416992
15.5,16.963537216186523,-1.4635372161865234
15.666666984558105,17.254457473754883,-1.5877904891967773
17.233333587646484,17.54334259033203,-0.3100090026855469
17.799999237060547,17.824975967407227,-0.024976730346679688
20.100000381469727,18.071300506591797,2.0286998748779297
20.133333206176758,18.306352615356445,1.8269805908203125
20.600000381469727,18.503883361816406,2.0961170196533203
20.0,18.652053833007812,1.3479461669921875
19.766666412353516,18.798627853393555,0.9680385589599609
20.566667556762695,18.938203811645508,1.6284637451171875
22.399999618530273,19.07331657409668,3.3266830444335938
21.066667556762695,19.206806182861328,1.8598613739013672
19.266666412353516,19.33395004272461,-0.06728363037109375
19.96666717529297,19.44377899169922,0.52288818359375
19.233333587646484,19.52173614501953,-0.2884025573730469
17.700000762939453,19.5769100189209,-1.8769092559814453
17.733333587646484,19.61336898803711,-1.880035400390625
17.53333282470703,19.646902084350586,-2.1135692596435547
19.566667556762695,19.67947769165039,-0.11281013488769531
20.233333587646484,19.71108055114746,0.5222530364990234
18.633333206176758,19.7417049407959,-1.1083717346191406
17.233333587646484,19.771343231201172,-2.5380096435546875
17.233333587646484,19.79998207092285,-2.566648483276367
18.299999237060547,19.827619552612305,-1.5276203155517578
18.766666412353516,19.833993911743164,-1.0673274993896484
19.03333282470703,19.829723358154297,-0.7963905334472656
17.33333396911621,19.82369613647461,-2.4903621673583984
17.733333587646484,19.8159122467041,-2.082578659057617
17.566667556762695,19.80637550354004,-2.2397079467773438
16.933332443237305,19.79509162902832,-2.8617591857910156
16.700000762939453,19.78205680847168,-3.0820560455322266
18.799999237060547,19.767282485961914,-0.9672832489013672
20.96666717529297,19.750770568847656,1.2158966064453125
18.799999237060547,19.730518341064453,-0.9305191040039062
18.866666793823242,19.70346450805664,-0.8367977142333984
23.633333206176758,19.676212310791016,3.957120895385742
22.433332443237305,19.648298263549805,2.7850341796875
18.53333282470703,19.620500564575195,-1.087167739868164
16.5,19.592845916748047,-3.092845916748047
16.66666603088379,19.564653396606445,-2.8979873657226562
16.700000762939453,19.536256790161133,-2.8362560272216797
15.033333778381348,19.50911521911621,-4.475781440734863
15.966666221618652,19.481752395629883,-3.5150861740112305
18.866666793823242,19.457138061523438,-0.5904712677001953
20.133333206176758,19.43301010131836,0.7003231048583984
18.233333587646484,19.417177200317383,-1.1838436126708984
15.633333206176758,19.405807495117188,-3.7724742889404297
17.03333282470703,19.393966674804688,-2.3606338500976562
18.233333587646484,19.38236427307129,-1.1490306854248047
17.433332443237305,19.36888313293457,-1.9355506896972656
17.866666793823242,19.35220718383789,-1.4855403900146484
19.566667556762695,19.332481384277344,0.23418617248535156
19.66666603088379,19.311491012573242,0.3551750183105469
19.799999237060547,19.288606643676758,0.5113925933837891
20.33333396911621,19.263774871826172,1.069559097290039
19.633333206176758,19.221216201782227,0.41211700439453125
25.233333587646484,19.170795440673828,6.062538146972656
20.233333587646484,19.11928939819336,1.114044189453125
15.766666412353516,19.066713333129883,-3.300046920776367
15.199999809265137,19.006694793701172,-3.806694984436035
16.366666793823242,18.93962287902832,-2.572956085205078
17.233333587646484,18.87096405029297,-1.6376304626464844
16.899999618530273,18.801042556762695,-1.9010429382324219
19.53333282470703,18.726472854614258,0.8068599700927734
19.03333282470703,18.63705825805664,0.3962745666503906
22.53333282470703,18.527742385864258,4.005590438842773
26.16666603088379,18.394912719726562,7.771753311157227
24.633333206176758,18.252696990966797,6.380636215209961
24.866666793823242,18.109085083007812,6.75758171081543
24.133333206176758,17.946638107299805,6.186695098876953
23.33333396911621,17.78158187866211,5.551752090454102
20.766666412353516,17.615352630615234,3.1513137817382812
18.899999618530273,17.44800567626953,1.4519939422607422
18.566667556762695,17.274272918701172,1.2923946380615234
17.433332443237305,17.058942794799805,0.3743896484375
18.433332443237305,16.81678009033203,1.6165523529052734
21.566667556762695,16.5745849609375,4.992082595825195
20.96666717529297,16.331506729125977,4.635160446166992
19.96666717529297,16.087602615356445,3.8790645599365234
18.633333206176758,15.846202850341797,2.787130355834961
21.96666717529297,15.606695175170898,6.35997200012207
18.600000381469727,15.37600326538086,3.223997116088867
15.800000190734863,15.144630432128906,0.655369758605957
16.16666603088379,14.91485595703125,1.251810073852539
15.699999809265137,14.691652297973633,1.008347511291504
15.199999809265137,14.46803092956543,0.731968879699707
17.799999237060547,14.274003028869629,3.525996208190918
17.399999618530273,14.083146095275879,3.3168535232543945
14.699999809265137,13.90638542175293,0.793614387512207
15.566666603088379,13.740447044372559,1.8262195587158203
17.133333206176758,13.574098587036133,3.559234619140625
17.933332443237305,13.422589302062988,4.510743141174316
19.299999237060547,13.287505149841309,6.012494087219238
20.0,13.153278350830078,6.846721649169922
20.866666793823242,13.018814086914062,7.84785270690918
16.866666793823242,12.885436058044434,3.9812307357788086
13.133333206176758,12.756566047668457,0.3767671585083008
13.366666793823242,12.627564430236816,0.7391023635864258
15.966666221618652,12.498469352722168,3.4681968688964844
17.633333206176758,12.373456954956055,5.259876251220703
18.733333587646484,12.250689506530762,6.482644081115723
16.866666793823242,12.129343032836914,4.737323760986328
17.600000381469727,12.00440788269043,5.595592498779297
20.100000381469727,11.885737419128418,8.214262962341309
19.066667556762695,11.770713806152344,7.295953750610352
15.433333396911621,11.659082412719727,3.7742509841918945
12.399999618530273,11.536273002624512,0.8637266159057617
14.899999618530273,11.4058837890625,3.4941158294677734
18.399999618530273,11.279061317443848,7.120938301086426
18.66666603088379,11.155069351196289,7.5115966796875
18.233333587646484,11.030462265014648,7.202871322631836
16.366666793823242,10.90528392791748,5.461382865905762
13.233333587646484,10.779571533203125,2.4537620544433594
12.633333206176758,10.65467643737793,1.9786567687988281
17.66666603088379,10.5357084274292,7.13095760345459
14.133333206176758,10.418272972106934,3.715060234069824
11.5,10.307217597961426,1.1927824020385742
10.366666793823242,10.202081680297852,0.16458511352539062
11.466666221618652,10.107608795166016,1.3590574264526367
6.199999809265137,10.019495964050293,-3.8194961547851562
5.900000095367432,9.941388130187988,-4.041388034820557
6.366666793823242,9.865107536315918,-3.498440742492676
10.133333206176758,9.788002014160156,0.34533119201660156
13.066666603088379,9.710721969604492,3.3559446334838867
10.600000381469727,9.632471084594727,0.967529296875
14.899999618530273,9.550860404968262,5.349139213562012
8.899999618530273,9.468929290771484,-0.5689296722412109
6.633333206176758,9.386703491210938,-2.7533702850341797
6.566666603088379,9.304936408996582,-2.738269805908203
6.9666666984558105,9.218441009521484,-2.251774311065674
3.433333396911621,9.131721496582031,-5.69838809967041
2.633333444595337,9.04480266571045,-6.411469459533691
5.0,8.957711219787598,-3.9577112197875977
7.599999904632568,8.870473861694336,-1.2704739570617676
8.300000190734863,8.783112525939941,-0.4831123352050781
8.0,8.692729949951172,-0.6927299499511719
5.933333396911621,8.600570678710938,-2.6672372817993164
2.3333332538604736,8.508345603942871,-6.175012588500977
2.3333332538604736,8.416086196899414,-6.0827531814575195
1.6333333253860474,8.318578720092773,-6.685245513916016
2.0,8.221512794494629,-6.221512794494629
10.100000381469727,8.122673988342285,1.9773263931274414
10.800000190734863,7.9912238121032715,2.808776378631592
9.199999809265137,7.858753681182861,1.3412461280822754
6.099999904632568,7.722122669219971,-1.6221227645874023
8.899999618530273,7.5446038246154785,1.355395793914795
8.899999618530273,7.290326118469238,1.6096735000610352
6.9666666984558105,7.0244832038879395,-0.057816505432128906
8.266666412353516,6.762115478515625,1.5045509338378906
7.933333396911621,6.537711143493652,1.3956222534179688
6.166666507720947,6.3139190673828125,-0.14725255966186523
6.133333206176758,6.07667875289917,0.05665445327758789
6.300000190734863,5.81769323348999,0.48230695724487305
6.0,5.513820171356201,0.48617982864379883
5.5,5.0939459800720215,0.4060540199279785
4.766666889190674,4.667961597442627,0.09870529174804688
3.7333333492279053,4.245915412902832,-0.5125820636749268
2.866666555404663,3.8289968967437744,-0.9623303413391113
1.2333333492279053,3.407473564147949,-2.174140214920044
0.23333333432674408,3.0306198596954346,-2.7972865104675293
-0.8999999761581421,2.6652889251708984,-3.56528902053833
-1.2000000476837158,2.304450035095215,-3.5044500827789307
-1.2666666507720947,1.9986401796340942,-3.2653069496154785
-3.1666667461395264,1.724474549293518,-4.891141414642334
-4.766666889190674,1.4661945104599,-6.232861518859863
0.8333333134651184,1.2145558595657349,-0.38122254610061646
0.7333333492279053,0.9618799686431885,-0.2285466194152832
-1.5666667222976685,0.726062536239624,-2.292729377746582
-4.300000190734863,0.513831615447998,-4.813831806182861
-5.166666507720947,0.3580254912376404,-5.524692058563232
-4.900000095367432,0.21375158429145813,-5.1137518882751465
-5.833333492279053,0.09683984518051147,-5.930173397064209
-4.400000095367432,-0.010099828243255615,-4.389900207519531
-2.799999952316284,-0.07181733846664429,-2.728182554244995
-2.433333396911621,-0.12937551736831665,-2.303957939147949
-4.066666603088379,-0.18657122552394867,-3.8800954818725586
-3.0,-0.24414245784282684,-2.755857467651367
-3.2333333492279053,-0.3016536235809326,-2.9316797256469727
-4.766666889190674,-0.35894712805747986,-4.407719612121582
-4.333333492279053,-0.41572314500808716,-3.9176104068756104
-5.433333396911621,-0.4720710813999176,-4.961262226104736
-4.5,-0.5244337916374207,-3.9755661487579346
-3.0999999046325684,-0.5755006670951843,-2.5244991779327393
-1.399999976158142,-0.6224827766418457,-0.7775171995162964
0.1666666716337204,-0.6676300764083862,0.8342967629432678
0.0,-0.7091656923294067,0.7091656923294067
-0.7333333492279053,-0.748637855052948,0.015304505825042725
-3.133333444595337,-0.7876313924789429,-2.3457021713256836
1.899999976158142,-0.8261251449584961,2.7261252403259277
5.5,-0.8642902374267578,6.364290237426758
5.5333333015441895,-0.9021421670913696,6.4354753494262695
5.9666666984558105,-0.9394416213035583,6.906108379364014
3.2666666507720947,-0.9767201542854309,4.243386745452881
1.8333333730697632,-1.013569951057434,2.8469033241271973
1.899999976158142,-1.0493764877319336,2.9493765830993652
0.7333333492279053,-1.0847827196121216,1.8181160688400269
-0.5,-1.1202154159545898,0.6202154159545898
3.0333333015441895,-1.155900001525879,4.189233303070068
2.0333333015441895,-1.1911779642105103,3.22451114654541
1.0666667222976685,-1.2259392738342285,2.2926058769226074
0.6000000238418579,-1.2601937055587769,1.8601937294006348
4.633333206176758,-1.2942802906036377,5.927613258361816
4.0333333015441895,-1.3279435634613037,5.361276626586914
1.5333333015441895,-1.361173152923584,2.8945064544677734
-2.299999952316284,-1.427127718925476,-0.8728722333908081
-6.933333396911621,-1.4579204320907593,-5.475412845611572
-9.333333015441895,-1.4883018732070923,-7.845031261444092
-8.300000190734863,-1.5183149576187134,-6.7816853523254395
-8.333333015441895,-1.5477890968322754,-6.785543918609619
-9.366666793823242,-1.5744664669036865,-7.792200088500977
-17.399999618530273,-1.5958918333053589,-15.804107666015625
-18.399999618530273,-1.6166901588439941,-16.783309936523438
-4.833333492279053,-1.6368553638458252,-3.1964781284332275
0.46666666865348816,-1.6547667980194092,2.1214334964752197
-0.6333333253860474,-1.6721489429473877,1.0388156175613403
-4.366666793823242,-1.6842522621154785,-2.6824145317077637
-7.300000190734863,-1.6878266334533691,-5.612173557281494
-2.2333333492279053,-1.6827958822250366,-0.5505374670028687
-0.6666666865348816,-1.6769130229949951,1.0102462768554688
-6.433333396911621,-1.6701791286468506,-4.763154029846191
-10.733333587646484,-1.6625962257385254,-9.070737838745117
-4.4666666984558105,-1.6538236141204834,-2.812843084335327
-4.433333396911621,-1.6440813541412354,-2.7892520427703857
-3.1666667461395264,-1.6323435306549072,-1.5343232154846191
-6.933333396911621,-1.6197495460510254,-5.313583850860596
-0.8666666746139526,-1.606105089187622,0.7394384145736694
2.066666603088379,-1.5913748741149902,3.658041477203369
2.066666603088379,-1.5758007764816284,3.642467498779297
1.6666666269302368,-1.559388518333435,3.226055145263672
-0.699999988079071,-1.5421417951583862,0.8421418070793152
-1.3666666746139526,-1.5237112045288086,0.15704452991485596
0.03333333507180214,-1.5039527416229248,1.5372860431671143
0.8666666746139526,-1.4833449125289917,2.3500115871429443
0.30000001192092896,-1.461893916130066,1.7618939876556396
1.600000023841858,-1.439605712890625,3.0396056175231934
1.1333333253860474,-1.4163703918457031,2.549703598022461
0.4000000059604645,-1.3921139240264893,1.7921139001846313
4.0333333015441895,-1.366877794265747,5.400211334228516
2.299999952316284,-1.3409472703933716,3.6409473419189453
0.5,-1.3142133951187134,1.8142133951187134
-1.5,-1.2871028184890747,-0.2128971815109253
-0.5,-1.2584971189498901,0.7584971189498901
-2.633333444595337,-1.2254276275634766,-1.4079058170318604
-2.3333332538604736,-1.1914575099945068,-1.1418757438659668
-1.5,-1.1566168069839478,-0.34338319301605225
0.8333333134651184,-1.1209520101547241,1.9542853832244873
1.9666666984558105,-1.0844738483428955,3.051140546798706
2.5333333015441895,-1.0395954847335815,3.5729289054870605
1.8333333730697632,-0.9906951189041138,2.824028491973877
2.299999952316284,-0.9338878393173218,3.2338876724243164
4.166666507720947,-0.8648427724838257,5.0315093994140625
3.6666667461395264,-0.7886234521865845,4.4552903175354
-0.5333333611488342,-0.6995006799697876,0.16616731882095337
-0.7666666507720947,-0.6086905002593994,-0.1579761505126953
0.03333333507180214,-0.5167099237442017,0.5500432848930359
1.8333333730697632,-0.4235864281654358,2.2569198608398438
4.099999904632568,-0.33218488097190857,4.43218469619751
5.900000095367432,-0.2399335503578186,6.1399335861206055
6.933333396911621,-0.1466599702835083,7.07999324798584
4.400000095367432,-0.060268521308898926,4.460268497467041
6.9666666984558105,0.02377903461456299,6.942887783050537
6.833333492279053,0.11912453174591064,6.714209079742432
6.800000190734863,0.2033616304397583,6.5966386795043945
3.6666667461395264,0.2888071537017822,3.377859592437744
6.199999809265137,0.3756595849990845,5.824340343475342
5.4666666984558105,0.46640312671661377,5.000263690948486
3.7333333492279053,0.561972975730896,3.171360492706299
2.0333333015441895,0.6597117185592651,1.3736215829849243
2.7666666507720947,0.7691829204559326,1.997483730316162
0.1666666716337204,0.881467342376709,-0.7148006558418274
-1.0,0.9752652645111084,-1.9752652645111084
-1.1333333253860474,1.0640820264816284,-2.197415351867676
-0.3333333432674408,1.1537425518035889,-1.487075924873352
-0.46666666865348816,1.2446845769882202,-1.7113512754440308
0.6666666865348816,1.3478666543960571,-0.6811999678611755
1.5666667222976685,1.4486829042434692,0.11798381805419922
2.5999999046325684,1.5434120893478394,1.056587815284729
4.366666793823242,1.6375294923782349,2.729137420654297
5.333333492279053,1.7324295043945312,3.6009039878845215
7.266666889190674,1.8291361331939697,5.437530517578125
4.199999809265137,1.9268721342086792,2.273127555847168
2.1666667461395264,2.025319814682007,0.14134693145751953
2.9000000953674316,2.1257221698760986,0.774277925491333
4.0,2.228867530822754,1.771132469177246
4.5333333015441895,2.333408832550049,2.1999244689941406
5.233333110809326,2.4409396648406982,2.792393445968628
6.666666507720947,2.552211284637451,4.114455223083496
3.633333444595337,2.660609722137451,0.9727237224578857
2.866666555404663,2.7680115699768066,0.09865498542785645
4.599999904632568,2.8814170360565186,1.7185828685760498
8.233333587646484,2.994645595550537,5.238687992095947
9.933333396911621,3.1100594997406006,6.823273658752441
9.366666793823242,3.2478232383728027,6.1188435554504395
11.833333015441895,3.3815624713897705,8.451770782470703
15.5,3.513214588165283,11.986785888671875
15.466666221618652,3.6523587703704834,11.81430721282959
12.566666603088379,3.7803919315338135,8.786274909973145
3.6666667461395264,3.912144184112549,-0.24547743797302246
2.933333396911621,4.0564446449279785,-1.1231112480163574
7.866666793823242,4.206418514251709,3.660248279571533
9.333333015441895,4.357996940612793,4.975336074829102
11.533333778381348,4.507304668426514,7.026029109954834
14.033333778381348,4.6577982902526855,9.37553596496582
18.33333396911621,4.812466144561768,13.520868301391602
14.633333206176758,4.974152088165283,9.659181594848633
10.100000381469727,5.15064001083374,4.949360370635986
11.633333206176758,5.327395915985107,6.30593729019165
10.766666412353516,5.50303316116333,5.2636332511901855
10.333333015441895,5.681437969207764,4.651895046234131
7.433333396911621,5.861393451690674,1.5719399452209473
4.833333492279053,6.03672456741333,-1.2033910751342773
6.099999904632568,6.212103366851807,-0.11210346221923828
5.733333110809326,6.387477874755859,-0.6541447639465332
4.233333110809326,6.56279993057251,-2.3294668197631836
2.866666555404663,6.738015174865723,-3.8713486194610596
4.5333333015441895,6.9130706787109375,-2.379737377166748
1.7000000476837158,7.087913990020752,-5.387913703918457
2.4000000953674316,7.2624945640563965,-4.862494468688965
4.633333206176758,7.414895057678223,-2.781561851501465
6.233333110809326,7.547255992889404,-1.3139228820800781
7.266666889190674,7.681735515594482,-0.4150686264038086
10.566666603088379,7.815771102905273,2.7508955001831055
12.933333396911621,7.949324131011963,4.984009265899658
16.266666412353516,8.082353591918945,8.18431282043457
16.799999237060547,8.214820861816406,8.58517837524414
16.03333282470703,8.346819877624512,7.6865129470825195
15.5,8.484174728393555,7.015825271606445
13.633333206176758,8.620882987976074,5.012450218200684
14.866666793823242,8.75691032409668,6.1097564697265625
14.800000190734863,8.890467643737793,5.90953254699707
12.199999809265137,9.035735130310059,3.164264678955078
7.566666603088379,9.183026313781738,-1.6163597106933594
6.433333396911621,9.33066463470459,-2.8973312377929688
7.366666793823242,9.484233856201172,-2.1175670623779297
10.233333587646484,9.636871337890625,0.5964622497558594
7.833333492279053,9.789216995239258,-1.955883502960205
8.833333015441895,9.94752025604248,-1.114187240600586
11.266666412353516,10.104748725891113,1.1619176864624023
13.366666793823242,10.261260986328125,3.105405807495117
13.633333206176758,10.425323486328125,3.208009719848633
14.133333206176758,10.598091125488281,3.5352420806884766
15.466666221618652,10.767349243164062,4.69931697845459
17.133333206176758,10.93642520904541,6.196907997131348
17.200000762939453,11.133807182312012,6.066193580627441
17.366666793823242,11.335858345031738,6.030808448791504
17.46666717529297,11.538379669189453,5.928287506103516
18.0,11.73965835571289,6.260341644287109
19.53333282470703,11.952313423156738,7.581019401550293
20.5,12.165059089660645,8.334940910339355
19.433332443237305,12.37580394744873,7.057528495788574
20.266666412353516,12.584489822387695,7.68217658996582
20.399999618530273,12.791046142578125,7.608953475952148
21.200000762939453,12.995417594909668,8.204583168029785
21.233333587646484,13.2032470703125,8.030086517333984
20.700000762939453,13.427438735961914,7.272562026977539
20.0,13.670130729675293,6.329869270324707
18.899999618530273,13.914857864379883,4.985141754150391
19.133333206176758,14.156628608703613,4.9767045974731445
18.600000381469727,14.413141250610352,4.186859130859375
18.766666412353516,14.691161155700684,4.075505256652832
18.799999237060547,14.99593734741211,3.8040618896484375
17.366666793823242,15.302127838134766,2.0645389556884766
14.833333015441895,15.60100269317627,-0.767669677734375
14.899999618530273,15.880744934082031,-0.9807453155517578
15.399999618530273,16.16367530822754,-0.7636756896972656
15.800000190734863,16.47142219543457,-0.671422004699707
16.5,16.76546859741211,-0.2654685974121094
15.0,17.056974411010742,-2.056974411010742
14.833333015441895,17.346324920654297,-2.5129919052124023
14.233333587646484,17.63343620300293,-3.4001026153564453
15.966666221618652,17.918224334716797,-1.9515581130981445
18.600000381469727,18.160289764404297,0.4397106170654297
19.799999237060547,18.37409019470215,1.4259090423583984
19.566667556762695,18.584102630615234,0.9825649261474609
18.700000762939453,18.731990814208984,-0.03199005126953125
16.766666412353516,18.875019073486328,-2.1083526611328125
17.566667556762695,19.013320922851562,-1.4466533660888672
18.33333396911621,19.144210815429688,-0.8108768463134766
17.233333587646484,19.27338981628418,-2.0400562286376953
17.733333587646484,19.40081787109375,-1.6674842834472656
20.0,19.52058219909668,0.4794178009033203
20.733333587646484,19.624202728271484,1.109130859375
23.600000381469727,19.726398468017578,3.8736019134521484
25.799999237060547,19.791603088378906,6.008396148681641
22.33333396911621,19.826492309570312,2.5068416595458984
22.66666603088379,19.860328674316406,2.806337356567383
22.766666412353516,19.893102645874023,2.873563766479492
17.66666603088379,19.924806594848633,-2.2581405639648438
17.5,19.945316314697266,-2.4453163146972656
17.233333587646484,19.96101951599121,-2.7276859283447266
16.733333587646484,19.974533081054688,-3.241199493408203
19.66666603088379,19.98584747314453,-0.3191814422607422
21.733333587646484,19.99376106262207,1.739572525024414
19.066667556762695,19.9989070892334,-0.9322395324707031
20.700000762939453,20.00197982788086,0.6980209350585938
23.46666717529297,20.00376319885254,3.4629039764404297
24.5,20.00284194946289,4.497158050537109
23.5,19.98322105407715,3.5167789459228516
23.799999237060547,19.959318161010742,3.8406810760498047
20.5,19.933732986450195,0.5662670135498047
20.96666717529297,19.90648078918457,1.0601863861083984
23.799999237060547,19.877567291259766,3.9224319458007812
24.0,19.847000122070312,4.1529998779296875
20.96666717529297,19.814788818359375,1.1518783569335938
19.600000381469727,19.783388137817383,-0.18338775634765625
19.0,19.750919342041016,-0.7509193420410156
20.200000762939453,19.719436645507812,0.4805641174316406
21.5,19.68632698059082,1.8136730194091797
21.799999237060547,19.65460205078125,2.145397186279297
20.200000762939453,19.62415313720703,0.5758476257324219
19.700000762939453,19.59357261657715,0.10642814636230469
19.233333587646484,19.56135368347168,-0.3280200958251953
20.600000381469727,19.531124114990234,1.0688762664794922
19.16666603088379,19.500259399414062,-0.33359336853027344
15.833333015441895,19.47235679626465,-3.639023780822754
18.53333282470703,19.45001983642578,-0.91668701171875
18.066667556762695,19.427875518798828,-1.3612079620361328
18.366666793823242,19.402084350585938,-1.0354175567626953
17.46666717529297,19.372766494750977,-1.9060993194580078
17.66666603088379,19.340618133544922,-1.6739521026611328
18.200000762939453,19.295856475830078,-1.095855712890625
18.299999237060547,19.23764419555664,-0.9376449584960938
18.566667556762695,19.17416763305664,-0.6075000762939453
18.766666412353516,19.09910011291504,-0.33243370056152344
19.766666412353516,19.02020835876465,0.7464580535888672
20.03333282470703,18.937122344970703,1.0962104797363281
19.16666603088379,18.85235595703125,0.31431007385253906
17.366666793823242,18.76590347290039,-1.3992366790771484
16.766666412353516,18.67779541015625,-1.9111289978027344
16.733333587646484,18.581295013427734,-1.84796142578125
18.16666603088379,18.467601776123047,-0.3009357452392578
19.866666793823242,18.345964431762695,1.5207023620605469
22.133333206176758,18.203813552856445,3.9295196533203125
21.83333396911621,18.060258865356445,3.7730751037597656
21.433332443237305,17.908662796020508,3.524669647216797
21.933332443237305,17.748550415039062,4.184782028198242
20.5,17.566822052001953,2.933177947998047
21.03333282470703,17.348834991455078,3.684497833251953
17.299999237060547,17.109737396240234,0.1902618408203125
17.33333396911621,16.869535446166992,0.46379852294921875
20.933332443237305,16.6283016204834,4.305030822753906
22.799999237060547,16.386104583740234,6.4138946533203125
19.16666603088379,16.143028259277344,3.0236377716064453
18.433332443237305,15.899123191833496,2.5342092514038086
17.96666717529297,15.654476165771484,2.3121910095214844
20.66666603088379,15.42041301727295,5.24625301361084
22.83333396911621,15.187012672424316,7.6463212966918945
19.53333282470703,14.953001976013184,4.580330848693848
15.899999618530273,14.7361421585083,1.1638574600219727
18.066667556762695,14.545071601867676,3.5215959548950195
21.33333396911621,14.35544490814209,6.977889060974121
21.200000762939453,14.188775062561035,7.011225700378418
20.33333396911621,14.021642684936523,6.3116912841796875
19.433332443237305,13.863224983215332,5.570107460021973
19.433332443237305,13.716185569763184,5.717146873474121
19.200000762939453,13.581655502319336,5.618345260620117
19.399999618530273,13.446863174438477,5.953136444091797
18.633333206176758,13.31184196472168,5.321491241455078
17.299999237060547,13.173145294189453,4.126853942871094
16.866666793823242,13.030840873718262,3.8358259201049805
17.66666603088379,12.895045280456543,4.771620750427246
19.233333587646484,12.763477325439453,6.469856262207031
18.766666412353516,12.631694793701172,6.134971618652344
19.266666412353516,12.503791809082031,6.762874603271484
18.366666793823242,12.379104614257812,5.98756217956543
18.0,12.254260063171387,5.745739936828613
17.200000762939453,12.13169002532959,5.068310737609863
15.766666412353516,12.01312255859375,3.7535438537597656
14.933333396911621,11.899482727050781,3.03385066986084
14.666666984558105,11.787878036499023,2.878788948059082
16.100000381469727,11.67624568939209,4.423754692077637
18.600000381469727,11.548246383666992,7.051753997802734
17.133333206176758,11.421154022216797,5.712179183959961
16.700000762939453,11.297807693481445,5.402193069458008
17.633333206176758,11.17381477355957,6.4595184326171875
14.899999618530273,11.049208641052246,3.8507909774780273
10.600000381469727,10.924029350280762,-0.32402896881103516
8.266666412353516,10.798317909240723,-2.531651496887207
7.699999809265137,10.679488182067871,-2.9794883728027344
8.600000381469727,10.564532279968262,-1.9645318984985352
8.366666793823242,10.453262329101562,-2.0865955352783203
9.566666603088379,10.352397918701172,-0.785731315612793
8.666666984558105,10.253884315490723,-1.5872173309326172
8.300000190734863,10.167503356933594,-1.8675031661987305
8.600000381469727,10.089794158935547,-1.4897937774658203
8.766666412353516,10.013895034790039,-1.2472286224365234
13.600000381469727,9.937614440917969,3.662385940551758
16.133333206176758,9.860977172851562,6.272356033325195
12.433333396911621,9.787009239196777,2.6463241577148438
8.533333778381348,9.71341609954834,-1.1800823211669922
7.133333206176758,9.632969856262207,-2.499636650085449
7.833333492279053,9.55103874206543,-1.717705249786377
7.699999809265137,9.46884536743164,-1.768845558166504
5.4666666984558105,9.388739585876465,-3.9220728874206543
4.733333110809326,9.303211212158203,-4.569878101348877
6.733333110809326,9.21649169921875,-2.483158588409424
5.9666666984558105,9.129572868347168,-3.1629061698913574
6.199999809265137,9.042481422424316,-2.8424816131591797
8.133333206176758,8.955244064331055,-0.8219108581542969
11.533333778381348,8.867883682250977,2.665450096130371
10.600000381469727,8.78080940246582,1.8191909790039062
10.033333778381348,8.694769859313965,1.3385639190673828
8.866666793823242,8.608925819396973,0.25774097442626953
6.733333110809326,8.523151397705078,-1.789818286895752
9.100000381469727,8.433904647827148,0.6660957336425781
9.399999618530273,8.319811820983887,1.0801877975463867
8.533333778381348,8.177502632141113,0.3558311462402344
10.866666793823242,8.03265380859375,2.834012985229492
8.5,7.859532356262207,0.640467643737793
11.066666603088379,7.618993759155273,3.4476728439331055
4.800000190734863,7.37378454208374,-2.573784351348877
4.599999904632568,7.168824672698975,-2.5688247680664062
3.9000000953674316,6.960491180419922,-3.0604910850524902
5.5,6.7520928382873535,-1.2520928382873535
7.4666666984558105,6.54296350479126,0.9237031936645508
6.5,6.326318740844727,0.17368125915527344
6.333333492279053,6.0770745277404785,0.2562589645385742
4.933333396911621,5.790852069854736,-0.8575186729431152
3.5,5.4019317626953125,-1.9019317626953125
3.0333333015441895,4.980287551879883,-1.9469542503356934
1.8333333730697632,4.558690547943115,-2.7253570556640625
1.100000023841858,4.132582187652588,-3.0325822830200195
1.399999976158142,3.7224230766296387,-2.322422981262207
3.4000000953674316,3.334181547164917,0.06581854820251465
7.366666793823242,2.96321177482605,4.403454780578613
5.133333206176758,2.6090683937072754,2.5242648124694824
4.0,2.2901477813720703,1.7098522186279297
2.8333332538604736,2.0083723068237305,0.8249609470367432
4.4666666984558105,1.7432892322540283,2.7233774662017822
0.3333333432674408,1.5066008567810059,-1.1732674837112427
-0.4000000059604645,1.2825384140014648,-1.682538390159607
-1.5666667222976685,1.0592715740203857,-2.6259384155273438
-0.10000000149011612,0.8203017711639404,-0.9203017950057983
3.8333332538604736,0.598816454410553,3.2345168590545654
4.0,0.42370855808258057,3.576291561126709
4.666666507720947,0.26705172657966614,4.3996148109436035
3.633333444595337,0.13530182838439941,3.4980316162109375
3.0,0.01782381534576416,2.9821763038635254
3.2333333492279053,-0.08075302839279175,3.314086437225342
1.5,-0.14762991666793823,1.647629976272583
2.7666666507720947,-0.20551912486553192,2.9721858501434326
3.799999952316284,-0.26326000690460205,4.063260078430176
1.6333333253860474,-0.32082533836364746,1.9541586637496948
0.46666666865348816,-0.3781736195087433,0.8448402881622314
-1.0333333015441895,-0.4352930784225464,-0.5980402231216431
0.0,-0.4916958510875702,0.4916958510875702
1.399999976158142,-0.5486079454421997,1.9486079216003418
1.0666667222976685,-0.6032994985580444,1.669966220855713
-1.5666667222976685,-0.651340663433075,-0.9153260588645935
-0.5333333611488342,-0.69874507188797,0.16541171073913574
-0.7666666507720947,-0.7440434098243713,-0.02262324094772339
-4.0,-0.78849196434021,-3.21150803565979
-1.5666667222976685,-0.8314900994300842,-0.7351766228675842
0.4000000059604645,-0.8705559372901917,1.2705559730529785
3.9000000953674316,-0.9079996943473816,4.807999610900879
3.5999999046325684,-0.9452995657920837,4.545299530029297
0.7333333492279053,-0.982241153717041,1.7155745029449463
7.0,-1.0188158750534058,8.018815994262695
5.266666889190674,-1.0550107955932617,6.3216776847839355
1.2666666507720947,-1.0908169746398926,2.3574836254119873
2.366666555404663,-1.1262232065200806,3.492889881134033
1.9333332777023315,-1.1612083911895752,3.094541549682617
1.0666667222976685,-1.1956473588943481,2.2623140811920166
1.0333333015441895,-1.2296550273895264,2.262988328933716
3.0999999046325684,-1.2642101049423218,4.36421012878418
3.566666603088379,-1.2984645366668701,4.865131378173828
2.8333332538604736,-1.3320766687393188,4.165410041809082
2.7333333492279053,-1.364220142364502,4.097553253173828
3.933333396911621,-1.395877718925476,5.329211235046387
3.9666666984558105,-1.4271281957626343,5.393795013427734
3.433333396911621,-1.4615819454193115,4.894915580749512
2.7666666507720947,-1.4923694133758545,4.259036064147949
-1.6666666269302368,-1.5226490497589111,-0.14401757717132568
-2.3333332538604736,-1.5501294136047363,-0.7832038402557373
-3.0999999046325684,-1.5710382461547852,-1.5289616584777832
-2.2666666507720947,-1.5912824869155884,-0.6753841638565063
1.9666666984558105,-1.6110962629318237,3.577763080596924
0.5,-1.6306064128875732,2.1306064128875732
0.3333333432674408,-1.6494367122650146,1.9827700853347778
2.299999952316284,-1.6676452159881592,3.9676451683044434
-0.2666666805744171,-1.6788212060928345,1.4121545553207397
-1.1333333253860474,-1.6816619634628296,0.5483286380767822
-2.3333332538604736,-1.6774853467941284,-0.6558479070663452
0.2666666805744171,-1.672454833984375,1.9391214847564697
1.5333333015441895,-1.6665717363357544,3.1999049186706543
1.8333333730697632,-1.6598379611968994,3.493171215057373
3.366666555404663,-1.6521108150482178,5.018777370452881
3.9666666984558105,-1.6431968212127686,5.60986328125
2.799999952316284,-1.63254714012146,4.432547092437744
1.2333333492279053,-1.6208093166351318,2.854142665863037
0.5666666626930237,-1.6079561710357666,2.1746227741241455
0.800000011920929,-1.5941240787506104,2.3941240310668945
1.2999999523162842,-1.5794963836669922,2.8794963359832764
2.0333333015441895,-1.5648143291473389,3.5981476306915283
2.6666667461395264,-1.5494086742401123,4.216075420379639
4.9666666984558105,-1.5330524444580078,6.499719142913818
5.400000095367432,-1.5156924724578857,6.915692329406738
5.766666889190674,-1.4975194931030273,7.264186382293701
6.666666507720947,-1.4785516262054443,8.145217895507812
5.366666793823242,-1.4592113494873047,6.825878143310547
4.333333492279053,-1.4390740394592285,5.772407531738281
1.9333332777023315,-1.4178340435028076,3.3511672019958496
0.7333333492279053,-1.3954432010650635,2.1287765502929688
0.06666667014360428,-1.3722634315490723,1.4389301538467407
-0.20000000298023224,-1.34822678565979,1.1482267379760742
0.10000000149011612,-1.3233463764190674,1.4233464002609253
0.6666666865348816,-1.2977585792541504,1.9644253253936768
-0.7333333492279053,-1.2692220211029053,0.535888671875
-2.4000000953674316,-1.2361782789230347,-1.163821816444397
-4.900000095367432,-1.202289342880249,-3.6977107524871826
-5.900000095367432,-1.167566180229187,-4.732433795928955
-5.900000095367432,-1.1304805278778076,-4.769519805908203
-6.433333396911621,-1.086729645729065,-5.346603870391846
-5.633333206176758,-1.0400961637496948,-4.593236923217773
-4.800000190734863,-0.9847311973571777,-3.8152689933776855
-5.733333110809326,-0.9267301559448242,-4.806602954864502
-7.300000190734863,-0.863481879234314,-6.43651819229126
-4.066666603088379,-0.7874747514724731,-3.2791919708251953
-3.6666667461395264,-0.7014497518539429,-2.965217113494873
-4.866666793823242,-0.6130697727203369,-4.253597259521484
-5.566666603088379,-0.5240499973297119,-5.042616844177246
-5.300000190734863,-0.4339272677898407,-4.866073131561279
-3.0333333015441895,-0.34556829929351807,-2.687765121459961
-2.5999999046325684,-0.26099902391433716,-2.339000940322876
-2.1666667461395264,-0.175478994846344,-1.9911878108978271
-0.20000000298023224,-0.0889168381690979,-0.11108316481113434
1.2333333492279053,-0.0025878548622131348,1.2359211444854736
2.066666603088379,0.08563083410263062,1.9810357093811035
1.7999999523162842,0.17373710870742798,1.626262903213501
1.1666666269302368,0.2634747624397278,0.903191864490509
2.066666603088379,0.35479873418807983,1.7118678092956543
3.366666555404663,0.4429869055747986,2.9236795902252197
4.633333206176758,0.5360401272773743,4.097292900085449
6.199999809265137,0.6325005888938904,5.567499160766602
9.399999618530273,0.73622065782547,8.663779258728027
6.5333333015441895,0.8485051989555359,5.684828281402588
5.5333333015441895,0.9587437510490417,4.574589729309082
6.133333206176758,1.0478241443634033,5.085509300231934
8.133333206176758,1.1375000476837158,6.995833396911621
7.766666889190674,1.2291271686553955,6.537539482116699
3.6666667461395264,1.3261315822601318,2.3405351638793945
6.099999904632568,1.423065423965454,4.676934242248535
1.2000000476837158,1.5172932147979736,-0.3172931671142578
-0.4000000059604645,1.6130926609039307,-2.0130927562713623
0.699999988079071,1.7096831798553467,-1.0096831321716309
-1.5666667222976685,1.806982398033142,-3.3736491203308105
1.600000023841858,1.904717206954956,-0.30471718311309814
3.0999999046325684,2.0031650066375732,1.0968348979949951
3.566666603088379,2.1039648056030273,1.4627017974853516
4.5333333015441895,2.2075157165527344,2.325817584991455
5.300000190734863,2.3130860328674316,2.9869141578674316
4.333333492279053,2.417600154876709,1.9157333374023438
4.0333333015441895,2.524366855621338,1.5089664459228516
5.933333396911621,2.62823748588562,3.305095911026001
5.933333396911621,2.7319395542144775,3.2013938426971436
6.199999809265137,2.8365087509155273,3.3634910583496094
7.0333333015441895,2.9494402408599854,4.083892822265625
8.433333396911621,3.06510066986084,5.368232727050781
9.600000381469727,3.184312582015991,6.415687561035156
10.100000381469727,3.30710506439209,6.792895317077637
10.033333778381348,3.438840389251709,6.594493389129639
9.466666221618652,3.573275566101074,5.893390655517578
10.899999618530273,3.700258731842041,7.199740886688232
8.666666984558105,3.82877516746521,4.837891578674316
1.8666666746139526,3.961064338684082,-2.09439754486084
-0.4000000059604645,4.1017680168151855,-4.501768112182617
1.1333333253860474,4.250740051269531,-3.1174068450927734
1.4333332777023315,4.3946452140808105,-2.9613118171691895
1.2000000476837158,4.5419416427612305,-3.3419415950775146
0.5333333611488342,4.6953444480896,-4.16201114654541
2.5,4.852962493896484,-2.3529624938964844
4.566666603088379,5.0076494216918945,-0.4409828186035156
10.433333396911621,5.164152145385742,5.269181251525879
12.866666793823242,5.3215203285217285,7.545146465301514
14.866666793823242,5.493587970733643,9.373079299926758
11.866666793823242,5.667647361755371,6.199019432067871
17.03333282470703,5.843977451324463,11.189355850219727
19.100000381469727,6.018791675567627,13.081209182739258
16.899999618530273,6.194167137145996,10.705832481384277
16.0,6.36948823928833,9.630512237548828
15.866666793823242,6.544702529907227,9.321964263916016
15.666666984558105,6.719758987426758,8.946907997131348
12.233333587646484,6.894601821899414,5.33873176574707
11.600000381469727,7.069183826446533,4.530816555023193
7.566666603088379,7.231931686401367,0.3347349166870117
4.5333333015441895,7.377816200256348,-2.844482898712158
5.099999904632568,7.52158260345459,-2.4215826988220215
7.800000190734863,7.666697978973389,0.1333022117614746
11.866666793823242,7.811207294464111,4.055459499359131
10.966666221618652,7.949545860290527,3.017120361328125
8.399999618530273,8.088064193725586,0.3119354248046875
11.566666603088379,8.226020812988281,3.3406457901000977
12.033333778381348,8.363372802734375,3.6699609756469727
7.266666889190674,8.499791145324707,-1.2331242561340332
6.400000095367432,8.633670806884766,-2.233670711517334
6.333333492279053,8.766822814941406,-2.4334893226623535
4.900000095367432,8.899202346801758,-3.999202251434326
4.566666603088379,9.035345077514648,-4.4686784744262695
5.266666889190674,9.181770324707031,-3.9151034355163574
6.800000190734863,9.327284812927246,-2.527284622192383
6.599999904632568,9.47746753692627,-2.877467632293701
9.0,9.62912368774414,-0.6291236877441406
10.033333778381348,9.779756546020508,0.25357723236083984
7.933333396911621,9.931803703308105,-1.9984703063964844
5.433333396911621,10.087915420532227,-4.6545820236206055
6.800000190734863,10.242860794067383,-3.4428606033325195
8.466666221618652,10.396592140197754,-1.9299259185791016
10.266666412353516,10.558205604553223,-0.29153919219970703
9.633333206176758,10.718427658081055,-1.0850944519042969
13.466666221618652,10.88356876373291,2.583097457885742
13.166666984558105,11.052953720092773,2.113713264465332
15.199999809265137,11.240029335021973,3.959970474243164
11.600000381469727,11.426135063171387,0.17386531829833984
9.566666603088379,11.625256538391113,-2.0585899353027344
11.800000190734863,11.822589874267578,-0.022589683532714844
13.133333206176758,12.018075942993164,1.1152572631835938
14.600000381469727,12.217020988464355,2.382979393005371
14.633333206176758,12.417109489440918,2.21622371673584
15.466666221618652,12.623294830322266,2.8433713912963867
15.5,12.849811553955078,2.650188446044922
16.200000762939453,13.091078758239746,3.108922004699707
14.733333587646484,13.337873458862305,1.3954601287841797
16.066667556762695,13.581894874572754,2.4847726821899414
15.633333206176758,13.822717666625977,1.8106155395507812
16.566667556762695,14.064882278442383,2.5017852783203125
18.399999618530273,14.306297302246094,4.09370231628418
18.83333396911621,14.564104080200195,4.269229888916016
18.200000762939453,14.820284843444824,3.379715919494629
17.733333587646484,15.0828275680542,2.650506019592285
13.399999618530273,15.382401466369629,-1.9824018478393555
13.800000190734863,15.677513122558594,-1.8775129318237305
13.566666603088379,15.966806411743164,-2.400139808654785
12.266666412353516,16.246475219726562,-3.979808807373047
15.633333206176758,16.536657333374023,-0.9033241271972656
15.566666603088379,16.835681915283203,-1.2690153121948242
17.0,17.130245208740234,-0.13024520874023438
19.700000762939453,17.418704986572266,2.2812957763671875
17.566667556762695,17.70583724975586,-0.13916969299316406
16.733333587646484,17.990337371826172,-1.2570037841796875
13.966666221618652,18.21828269958496,-4.251616477966309
13.0,18.434123992919922,-5.434123992919922
15.066666603088379,18.64756965637207,-3.5809030532836914
14.166666984558105,18.81576919555664,-4.649102210998535
15.066666603088379,18.95811653137207,-3.8914499282836914
15.033333778381348,19.092453002929688,-4.05911922454834
14.566666603088379,19.22004508972168,-4.653378486633301
16.33333396911621,19.345916748046875,-3.012582778930664
15.433333396911621,19.470027923583984,-4.036694526672363
17.03333282470703,19.592342376708984,-2.559009552001953
17.83333396911621,19.70146369934082,-1.8681297302246094
16.233333587646484,19.800447463989258,-3.5671138763427734
17.066667556762695,19.897777557373047,-2.8311100006103516
20.799999237060547,19.975507736206055,0.8244915008544922
23.03333282470703,20.023588180541992,3.009744644165039
18.0,20.041484832763672,-2.041484832763672
16.46666717529297,20.057188034057617,-3.5905208587646484
20.766666412353516,20.07102394104004,0.6956424713134766
20.733333587646484,20.083621978759766,0.6497116088867188
20.0,20.094045639038086,-0.09404563903808594
16.233333587646484,20.102291107177734,-3.86895751953125
15.333333015441895,20.107749938964844,-4.774416923522949
18.16666603088379,20.104185104370117,-1.9375190734863281
18.399999618530273,20.098421096801758,-1.6984214782714844
19.733333587646484,20.09046173095703,-0.3571281433105469
19.866666793823242,20.080307006835938,-0.2136402130126953
19.433332443237305,20.067960739135742,-0.6346282958984375
19.299999237060547,20.053430557250977,-0.7534313201904297
18.66666603088379,20.036718368530273,-1.3700523376464844
19.233333587646484,20.017826080322266,-0.7844924926757812
20.799999237060547,19.996763229370117,0.8032360076904297
20.566667556762695,19.973533630371094,0.5931339263916016
21.33333396911621,19.948144912719727,1.3851890563964844
21.700000762939453,19.921607971191406,1.7783927917480469
19.5,19.89283561706543,-0.3928356170654297
19.433332443237305,19.854345321655273,-0.42101287841796875
19.66666603088379,19.815502166748047,-0.1488361358642578
20.100000381469727,19.775177001953125,0.32482337951660156
21.0,19.737274169921875,1.262725830078125
20.133333206176758,19.69873046875,0.4346027374267578
20.399999618530273,19.65711784362793,0.7428817749023438
17.200000762939453,19.61264419555664,-2.4126434326171875
15.566666603088379,19.55872917175293,-3.992062568664551
16.53333282470703,19.502784729003906,-2.969451904296875
18.766666412353516,19.44484519958496,-0.6781787872314453
21.399999618530273,19.38754653930664,2.012453079223633
19.799999237060547,19.336769104003906,0.4632301330566406
18.433332443237305,19.27847671508789,-0.8451442718505859
16.600000381469727,19.20339012145996,-2.6033897399902344
16.266666412353516,19.12950325012207,-2.8628368377685547
16.799999237060547,19.05391502380371,-2.253915786743164
17.866666793823242,18.975540161132812,-1.1088733673095703
17.399999618530273,18.892086029052734,-1.492086410522461
17.233333587646484,18.806961059570312,-1.5736274719238281
16.899999618530273,18.72018051147461,-1.820180892944336
17.600000381469727,18.628936767578125,-1.0289363861083984
18.53333282470703,18.521947860717773,0.011384963989257812
19.366666793823242,18.404767990112305,0.9618988037109375
19.600000381469727,18.285245895385742,1.3147544860839844
15.066666603088379,18.147857666015625,-3.081191062927246
15.266666412353516,18.002649307250977,-2.735982894897461
16.96666717529297,17.832595825195312,-0.8659286499023438
15.766666412353516,17.6208438873291,-1.854177474975586
13.633333206176758,17.392139434814453,-3.7588062286376953
15.066666603088379,17.161603927612305,-2.094937324523926
13.366666793823242,16.922542572021484,-3.555875778198242
11.600000381469727,16.682397842407227,-5.0823974609375
12.266666412353516,16.441242218017578,-4.1745758056640625
11.199999809265137,16.19915008544922,-4.999150276184082
12.266666412353516,15.956196784973145,-3.689530372619629
16.16666603088379,15.712440490722656,0.4542255401611328
22.066667556762695,15.475932121276855,6.59073543548584
20.700000762939453,15.24603271484375,5.453968048095703
17.366666793823242,15.031073570251465,2.3355932235717773
16.66666603088379,14.833730697631836,1.8329353332519531
18.133333206176758,14.654666900634766,3.478666305541992
20.133333206176758,14.48355484008789,5.649778366088867
19.633333206176758,14.318184852600098,5.31514835357666
20.399999618530273,14.162792205810547,6.237207412719727
20.399999618530273,14.014713287353516,6.385286331176758
20.399999618530273,13.875640869140625,6.524358749389648
18.53333282470703,13.73607063293457,4.797262191772461
18.066667556762695,13.596837997436523,4.469829559326172
19.133333206176758,13.459774017333984,5.673559188842773
19.266666412353516,13.322393417358398,5.944272994995117
15.333333015441895,13.18474006652832,2.148592948913574
16.933332443237305,13.046855926513672,3.886476516723633
18.266666412353516,12.911478042602539,5.355188369750977
15.666666984558105,12.785918235778809,2.880748748779297
15.433333396911621,12.660171508789062,2.7731618881225586
13.600000381469727,12.534278869628906,1.0657215118408203
14.533333778381348,12.4082670211792,2.1250667572021484
15.966666221618652,12.28249454498291,3.684171676635742
17.700000762939453,12.163077354431152,5.536923408508301
20.399999618530273,12.04995346069336,8.350046157836914
16.0,11.937566757202148,4.062433242797852
12.133333206176758,11.823859214782715,0.30947399139404297
8.733333587646484,11.70707893371582,-2.973745346069336
7.900000095367432,11.576318740844727,-3.676318645477295
8.566666603088379,11.453063011169434,-2.8863964080810547
9.633333206176758,11.329363822937012,-1.696030616760254
9.566666603088379,11.205069541931152,-1.6384029388427734
8.066666603088379,11.080214500427246,-3.013547897338867
8.766666412353516,10.954835891723633,-2.188169479370117
7.5,10.838065147399902,-3.3380651473999023
6.066666603088379,10.729239463806152,-4.662572860717773
6.366666793823242,10.620230674743652,-4.25356388092041
7.866666793823242,10.516998291015625,-2.650331497192383
9.066666603088379,10.417724609375,-1.351058006286621
10.166666984558105,10.330802917480469,-0.16413593292236328
9.166666984558105,10.250397682189941,-1.083730697631836
8.199999809265137,10.175032615661621,-1.9750328063964844
8.100000381469727,10.099404335021973,-1.999403953552246
9.733333587646484,10.025533676147461,-0.29220008850097656
8.966666221618652,9.953275680541992,-0.9866094589233398
8.699999809265137,9.880668640136719,-1.180668830871582
6.699999809265137,9.807729721069336,-3.107729911804199
5.433333396911621,9.73160171508789,-4.2982683181762695
6.599999904632568,9.651832580566406,-3.051832675933838
9.433333396911621,9.572416305541992,-0.1390829086303711
7.733333110809326,9.494542121887207,-1.7612090110778809
5.4666666984558105,9.412108421325684,-3.945441722869873
2.8333332538604736,9.32646656036377,-6.493133544921875
1.3666666746139526,9.240694046020508,-7.874027252197266
2.933333396911621,9.154919624328613,-6.221586227416992
5.900000095367432,9.069141387939453,-3.1691412925720215
8.199999809265137,8.983312606811523,-0.7833127975463867
11.466666221618652,8.89745807647705,2.5692081451416016
8.5,8.805039405822754,-0.3050394058227539
5.633333206176758,8.695444107055664,-3.0621109008789062
6.0333333015441895,8.561856269836426,-2.5285229682922363
5.733333110809326,8.42602252960205,-2.6926894187927246
7.0333333015441895,8.286916732788086,-1.2535834312438965
7.833333492279053,8.107958793640137,-0.274625301361084
8.933333396911621,7.884918212890625,1.048415184020996
7.900000095367432,7.69264030456543,0.20735979080200195
7.066666603088379,7.499936103820801,-0.4332695007324219
8.266666412353516,7.30325174331665,0.9634146690368652
8.366666793823242,7.098313808441162,1.26835298538208
8.733333587646484,6.893200874328613,1.840132713317871
8.266666412353516,6.676931381225586,1.5897350311279297
7.0333333015441895,6.44940710067749,0.5839262008666992
4.599999904632568,6.2042951583862305,-1.604295253753662
4.0333333015441895,5.8932576179504395,-1.85992431640625
4.133333206176758,5.51942253112793,-1.3860893249511719
5.433333396911621,5.145646572113037,0.287686824798584
6.5333333015441895,4.7430901527404785,1.790243148803711
6.900000095367432,4.327836513519287,2.5721635818481445
8.166666984558105,3.9459075927734375,4.220759391784668
1.6666666269302368,3.5738227367401123,-1.9071561098098755
-0.5666666626930237,3.212127685546875,-3.778794288635254
1.2333333492279053,2.877060890197754,-1.6437275409698486
1.3333333730697632,2.556570529937744,-1.223237156867981
2.133333444595337,2.2747294902801514,-0.14139604568481445
-0.03333333507180214,2.0098307132720947,-2.043164014816284
0.8666666746139526,1.766795039176941,-0.9001283645629883
0.1666666716337204,1.539902925491333,-1.3732362985610962
-2.933333396911621,1.3184891939163208,-4.251822471618652
-1.5333333015441895,1.0936849117279053,-2.6270182132720947
-0.06666667014360428,0.8821707367897034,-0.948837399482727
-0.4000000059604645,0.6900281310081482,-1.090028166770935
-0.4333333373069763,0.4949263334274292,-0.9282596707344055
-1.4666666984558105,0.33683791756629944,-1.8035045862197876
-0.4333333373069763,0.17656433582305908,-0.6098976731300354
0.5333333611488342,0.0554659366607666,0.4778674244880676
1.6666666269302368,-0.05890035629272461,1.7255669832229614
1.2000000476837158,-0.14968687295913696,1.349686861038208
1.2000000476837158,-0.22275343537330627,1.4227534532546997
3.700000047683716,-0.28252315521240234,3.982523202896118
5.5333333015441895,-0.3398880362510681,5.873221397399902
4.300000190734863,-0.3970052897930145,4.697005271911621
1.4333332777023315,-0.4538647532463074,1.8871979713439941
2.200000047683716,-0.5100910663604736,2.7100911140441895
6.566666603088379,-0.5663772225379944,7.1330437660217285
6.900000095367432,-0.6218122839927673,7.521812438964844
7.933333396911621,-0.673377275466919,8.606710433959961
5.9666666984558105,-0.7221231460571289,6.6887898445129395
-1.9666666984558105,-0.7686570882797241,-1.1980096101760864
0.9666666388511658,-0.8125351071357727,1.7792017459869385
3.933333396911621,-0.8564345836639404,4.789768218994141
2.299999952316284,-0.9000284671783447,3.200028419494629
0.6333333253860474,-0.9432598352432251,1.5765931606292725
0.30000001192092896,-0.9846559762954712,1.284656047821045
0.6333333253860474,-1.0233439207077026,1.65667724609375
2.133333444595337,-1.0602567195892334,3.1935901641845703
4.766666889190674,-1.0964511632919312,5.8631181716918945
2.933333396911621,-1.1321735382080078,4.065506935119629
-3.4000000953674316,-1.1674456596374512,-2.2325544357299805
-5.800000190734863,-1.2023065090179443,-4.59769344329834
-1.9666666984558105,-1.236745834350586,-0.7299208641052246
2.4666666984558105,-1.2704036235809326,3.737070322036743
3.133333444595337,-1.303025245666504,4.436358451843262
0.6333333253860474,-1.335172414779663,1.9685057401657104
-0.13333334028720856,-1.3668346405029297,1.2335013151168823
-4.233333110809326,-1.3987613916397095,-2.8345718383789062
-7.0,-1.4304195642471313,-5.569580554962158
-7.866666793823242,-1.492835283279419,-6.373831748962402
0.06666667014360428,-1.5215561389923096,1.588222861289978
-2.1666667461395264,-1.544213056564331,-0.6224536895751953
-4.199999809265137,-1.5667644739151,-2.633235454559326
-4.133333206176758,-1.5886971950531006,-2.5446360111236572
-6.066666603088379,-1.6100062131881714,-4.456660270690918
-7.0,-1.6306495666503906,-5.369350433349609
-8.800000190734863,-1.650628685951233,-7.14937162399292
-9.566666603088379,-1.6699435710906982,-7.896722793579102
-9.533333778381348,-1.6799490451812744,-7.853384971618652
-12.166666984558105,-1.6849157810211182,-10.481751441955566
-12.533333778381348,-1.6822490692138672,-10.85108470916748
-11.5,-1.6787538528442383,-9.821246147155762
-10.733333587646484,-1.6744312047958374,-9.058902740478516
-11.333333015441895,-1.6692826747894287,-9.664050102233887
-13.366666793823242,-1.6633095741271973,-11.703357696533203
-11.566666603088379,-1.6560919284820557,-9.910574913024902
-13.333333015441895,-1.6473039388656616,-11.686029434204102
-13.966666221618652,-1.6372747421264648,-12.329391479492188
-14.533333778381348,-1.6264338493347168,-12.906900405883789
-13.899999618530273,-1.6147592067718506,-12.285240173339844
-9.666666984558105,-1.602253794670105,-8.064413070678711
-7.619999885559082,-1.5889227390289307,-6.0310773849487305
-11.220000267028809,-1.574768304824829,-9.645232200622559
-10.079999923706055,-1.5597606897354126,-8.520238876342773
-7.119999885559082,-1.5434058904647827,-5.57659387588501
-5.039999961853027,-1.5264884233474731,-3.5135116577148438
-7.260000228881836,-1.5087589025497437,-5.751241207122803
-10.359999656677246,-1.4902206659317017,-8.869778633117676
-14.119999885559082,-1.4708806276321411,-12.64911937713623
-16.600000381469727,-1.4507436752319336,-15.149256706237793
-18.739999771118164,-1.4293142557144165,-17.310686111450195
-19.420000076293945,-1.4069236516952515,-18.013076782226562
-14.0600004196167,-1.3837440013885498,-12.67625617980957
-14.920000076293945,-1.3597824573516846,-13.56021785736084
-9.600000381469727,-1.3350465297698975,-8.26495361328125
-4.980000019073486,-1.3095239400863647,-3.670475959777832
-4.059999942779541,-1.2799732685089111,-2.78002667427063
-7.900000095367432,-1.24692964553833,-6.653070449829102
-14.180000305175781,-1.2130407094955444,-12.966959953308105
-13.100000381469727,-1.1745376586914062,-11.92546272277832
-5.519999980926514,-1.1317083835601807,-4.388291358947754
-2.259999990463257,-1.086656928062439,-1.1733430624008179
-2.359999895095825,-1.0322909355163574,-1.3277089595794678
-8.4399995803833,-0.975896954536438,-7.464102745056152
-13.65999984741211,-0.9157414436340332,-12.744258880615234
-12.9399995803833,-0.8532207012176514,-12.08677864074707
-13.300000190734863,-0.788284420967102,-12.51171588897705
-8.640000343322754,-0.7105609178543091,-7.929439544677734
-5.920000076293945,-0.6286884546279907,-5.291311740875244
-6.059999942779541,-0.5470709800720215,-5.5129289627075195
-5.239999771118164,-0.46441924571990967,-4.775580406188965
0.07999999821186066,-0.38075748085975647,0.4607574939727783
-0.5600000023841858,-0.2960735559463501,-0.2639264464378357
0.11999999731779099,-0.21041691303253174,0.3304169178009033
-2.2799999713897705,-0.12445950508117676,-2.1555404663085938
-2.4200000762939453,-0.03901076316833496,-2.3809893131256104
1.3200000524520874,0.05305981636047363,1.2669402360916138
3.7799999713897705,0.14907944202423096,3.63092041015625
2.740000009536743,0.24155032634735107,2.4984498023986816
1.559999942779541,0.33150458335876465,1.2284953594207764
0.2800000011920929,0.42234277725219727,-0.14234277606010437
1.9800000190734863,0.5115792751312256,1.4684207439422607
1.7599999904632568,0.6071738004684448,1.152826189994812
0.5400000214576721,0.7053800821304321,-0.16538006067276
1.5,0.8155434131622314,0.6844565868377686
2.440000057220459,0.9258333444595337,1.5141667127609253
3.940000057220459,1.0315663814544678,2.908433675765991
5.519999980926514,1.1219428777694702,4.398056983947754
6.28000020980835,1.2107559442520142,5.069244384765625
6.679999828338623,1.3015559911727905,5.378443717956543
6.840000152587891,1.3984594345092773,5.441540718078613
9.699999809265137,1.4934403896331787,8.206559181213379
8.100000381469727,1.5892410278320312,6.510759353637695
6.619999885559082,1.6858314275741577,4.934168338775635
5.659999847412109,1.7831828594207764,3.876816987991333
3.5999999046325684,1.8812661170959473,1.718733787536621
3.140000104904175,1.9800535440444946,1.1599465608596802
4.739999771118164,2.080873727798462,2.659126043319702
4.28000020980835,2.1836235523223877,2.096376657485962
4.960000038146973,2.287020444869995,2.6729795932769775
6.400000095367432,2.3907430171966553,4.0092573165893555
6.860000133514404,2.49381422996521,4.366186141967773
9.960000038146973,2.595963954925537,7.3640360832214355
6.099999904632568,2.6997478008270264,3.400252103805542
5.099999904632568,2.804074764251709,2.2959251403808594
