city,year,month,mean_temp,days,baseline_mean,baseline_std,anomaly,z_score
Vilnius,1991,1,-3.88,31,-5.81,3.47,1.93,0.56
Vilnius,1991,2,-6.63,28,-4.88,3.8,-1.75,-0.46
Vilnius,1991,3,0.3,31,-0.25,2.66,0.55,0.21
Vilnius,1991,4,5.93,30,6.43,1.54,-0.49,-0.32
Vilnius,1991,5,10.0,31,12.19,1.69,-2.19,-1.29
Vilnius,1991,6,14.75,30,16.15,1.62,-1.4,-0.86
Vilnius,1991,7,17.62,31,18.3,1.64,-0.69,-0.42
Vilnius,1991,8,17.22,31,17.6,1.45,-0.38,-0.26
Vilnius,1991,9,12.75,30,12.56,1.69,0.19,0.11
Vilnius,1991,10,5.83,31,6.25,1.71,-0.42,-0.25
Vilnius,1991,11,1.44,30,0.89,2.3,0.55,0.24
Vilnius,1991,12,-2.59,31,-3.85,3.37,1.27,0.38
Vilnius,1992,1,-3.23,31,-5.81,3.47,2.58,0.74
Vilnius,1992,2,-2.02,29,-4.88,3.8,2.86,0.75
Vilnius,1992,3,1.27,31,-0.25,2.66,1.52,0.57
Vilnius,1992,4,4.1,30,6.43,1.54,-2.33,-1.52
Vilnius,1992,5,11.85,31,12.19,1.69,-0.34,-0.2
Vilnius,1992,6,16.17,30,16.15,1.62,0.03,0.02
Vilnius,1992,7,18.42,31,18.3,1.64,0.12,0.07
Vilnius,1992,8,19.34,31,17.6,1.45,1.75,1.21
Vilnius,1992,9,12.25,30,12.56,1.69,-0.31,-0.19
Vilnius,1992,10,2.22,31,6.25,1.71,-4.03,-2.35
Vilnius,1992,11,-0.58,30,0.89,2.3,-1.47,-0.64
Vilnius,1992,12,-3.71,31,-3.85,3.37,0.15,0.04
Vilnius,1993,1,-3.61,31,-5.81,3.47,2.2,0.63
Vilnius,1993,2,-3.4,28,-4.88,3.8,1.47,0.39
Vilnius,1993,3,-1.44,31,-0.25,2.66,-1.19,-0.45
Vilnius,1993,4,6.7,30,6.43,1.54,0.27,0.18
Vilnius,1993,5,14.64,31,12.19,1.69,2.45,1.45
Vilnius,1993,6,13.68,30,16.15,1.62,-2.47,-1.52
Vilnius,1993,7,15.57,31,18.3,1.64,-2.73,-1.67
Vilnius,1993,8,14.51,31,17.6,1.45,-3.09,-2.14
Vilnius,1993,9,8.93,30,12.56,1.69,-3.63,-2.15
Vilnius,1993,10,5.04,31,6.25,1.71,-1.21,-0.71
Vilnius,1993,11,-6.12,30,0.89,2.3,-7.01,-3.05
Vilnius,1993,12,-2.79,31,-3.85,3.37,1.07,0.32
Vilnius,1994,1,-2.57,31,-5.81,3.47,3.23,0.93
Vilnius,1994,2,-10.54,28,-4.88,3.8,-5.66,-1.49
Vilnius,1994,3,-1.45,31,-0.25,2.66,-1.2,-0.45
Vilnius,1994,4,7.1,30,6.43,1.54,0.67,0.43
Vilnius,1994,5,10.54,31,12.19,1.69,-1.65,-0.98
Vilnius,1994,6,13.44,30,16.15,1.62,-2.7,-1.67
Vilnius,1994,7,19.52,31,18.3,1.64,1.22,0.74
Vilnius,1994,8,17.08,31,17.6,1.45,-0.52,-0.36
Vilnius,1994,9,13.35,30,12.56,1.69,0.79,0.46
Vilnius,1994,10,4.57,31,6.25,1.71,-1.68,-0.98
Vilnius,1994,11,0.08,30,0.89,2.3,-0.81,-0.35
Vilnius,1994,12,-3.69,31,-3.85,3.37,0.17,0.05
Vilnius,1995,1,-5.9,31,-5.81,3.47,-0.09,-0.03
Vilnius,1995,2,-0.07,28,-4.88,3.8,4.81,1.27
Vilnius,1995,3,0.75,31,-0.25,2.66,1.0,0.38
Vilnius,1995,4,5.73,30,6.43,1.54,-0.7,-0.46
Vilnius,1995,5,11.37,31,12.19,1.69,-0.81,-0.48
Vilnius,1995,6,17.4,30,16.15,1.62,1.25,0.77
Vilnius,1995,7,17.76,31,18.3,1.64,-0.54,-0.33
Vilnius,1995,8,17.2,31,17.6,1.45,-0.4,-0.27
Vilnius,1995,9,12.2,30,12.56,1.69,-0.36,-0.22
Vilnius,1995,10,7.66,31,6.25,1.71,1.41,0.83
Vilnius,1995,11,-2.31,30,0.89,2.3,-3.2,-1.39
Vilnius,1995,12,-9.14,31,-3.85,3.37,-5.29,-1.57
Vilnius,1996,1,-11.98,31,-5.81,3.47,-6.18,-1.78
Vilnius,1996,2,-10.06,29,-4.88,3.8,-5.19,-1.37
Vilnius,1996,3,-5.22,31,-0.25,2.66,-4.97,-1.87
Vilnius,1996,4,5.66,30,6.43,1.54,-0.77,-0.5
Vilnius,1996,5,13.33,31,12.19,1.69,1.15,0.68
Vilnius,1996,6,14.99,30,16.15,1.62,-1.16,-0.71
Vilnius,1996,7,15.54,31,18.3,1.64,-2.77,-1.69
Vilnius,1996,8,17.86,31,17.6,1.45,0.26,0.18
Vilnius,1996,9,9.68,30,12.56,1.69,-2.88,-1.7
Vilnius,1996,10,7.54,31,6.25,1.71,1.29,0.75
Vilnius,1996,11,3.36,30,0.89,2.3,2.47,1.07
Vilnius,1996,12,-9.57,31,-3.85,3.37,-5.72,-1.7
Vilnius,1997,1,-7.84,31,-5.81,3.47,-2.03,-0.59
Vilnius,1997,2,-2.24,28,-4.88,3.8,2.64,0.69
Vilnius,1997,3,0.01,31,-0.25,2.66,0.26,0.1
Vilnius,1997,4,2.98,30,6.43,1.54,-3.45,-2.24
Vilnius,1997,5,10.94,31,12.19,1.69,-1.25,-0.74
Vilnius,1997,6,15.77,30,16.15,1.62,-0.38,-0.23
Vilnius,1997,7,17.6,31,18.3,1.64,-0.71,-0.43
Vilnius,1997,8,18.54,31,17.6,1.45,0.94,0.65
Vilnius,1997,9,11.15,30,12.56,1.69,-1.41,-0.84
Vilnius,1997,10,4.48,31,6.25,1.71,-1.77,-1.03
Vilnius,1997,11,0.19,30,0.89,2.3,-0.71,-0.31
Vilnius,1997,12,-8.88,31,-3.85,3.37,-5.02,-1.49
Vilnius,1998,1,-3.64,31,-5.81,3.47,2.16,0.62
Vilnius,1998,2,-1.33,28,-4.88,3.8,3.55,0.93
Vilnius,1998,3,-1.16,31,-0.25,2.66,-0.91,-0.34
Vilnius,1998,4,7.13,30,6.43,1.54,0.7,0.46
Vilnius,1998,5,12.73,31,12.19,1.69,0.55,0.32
Vilnius,1998,6,16.8,30,16.15,1.62,0.66,0.41
Vilnius,1998,7,16.17,31,18.3,1.64,-2.14,-1.3
Vilnius,1998,8,14.42,31,17.6,1.45,-3.18,-2.2
Vilnius,1998,9,11.37,30,12.56,1.69,-1.2,-0.71
Vilnius,1998,10,5.28,31,6.25,1.71,-0.97,-0.56
Vilnius,1998,11,-5.78,30,0.89,2.3,-6.67,-2.9
Vilnius,1998,12,-6.78,31,-3.85,3.37,-2.92,-0.87
Vilnius,1999,1,-5.37,31,-5.81,3.47,0.44,0.13
Vilnius,1999,2,-6.41,28,-4.88,3.8,-1.53,-0.4
Vilnius,1999,3,-0.6,31,-0.25,2.66,-0.35,-0.13
Vilnius,1999,4,7.69,30,6.43,1.54,1.26,0.82
Vilnius,1999,5,9.2,31,12.19,1.69,-2.99,-1.77
Vilnius,1999,6,18.57,30,16.15,1.62,2.42,1.49
Vilnius,1999,7,19.21,31,18.3,1.64,0.91,0.55
Vilnius,1999,8,16.6,31,17.6,1.45,-1.0,-0.69
Vilnius,1999,9,13.98,30,12.56,1.69,1.41,0.84
Vilnius,1999,10,6.26,31,6.25,1.71,0.01,0.01
Vilnius,1999,11,-1.41,30,0.89,2.3,-2.3,-1.0
Vilnius,1999,12,-2.79,31,-3.85,3.37,1.06,0.32
Vilnius,2000,1,-6.14,31,-5.81,3.47,-0.33,-0.1
Vilnius,2000,2,-1.98,29,-4.88,3.8,2.9,0.76
Vilnius,2000,3,0.37,31,-0.25,2.66,0.62,0.23
Vilnius,2000,4,9.57,30,6.43,1.54,3.14,2.04
Vilnius,2000,5,12.31,31,12.19,1.69,0.13,0.08
Vilnius,2000,6,14.8,30,16.15,1.62,-1.34,-0.83
Vilnius,2000,7,15.72,31,18.3,1.64,-2.58,-1.58
Vilnius,2000,8,15.95,31,17.6,1.45,-1.65,-1.14
Vilnius,2000,9,9.91,30,12.56,1.69,-2.65,-1.57
Vilnius,2000,10,8.17,31,6.25,1.71,1.92,1.12
Vilnius,2000,11,3.67,30,0.89,2.3,2.78,1.21
Vilnius,2000,12,-1.4,31,-3.85,3.37,2.46,0.73
Vilnius,2001,1,-5.29,31,-5.81,3.47,0.52,0.15
Vilnius,2001,2,-6.36,28,-4.88,3.8,-1.49,-0.39
Vilnius,2001,3,-2.07,31,-0.25,2.66,-1.82,-0.69
Vilnius,2001,4,7.2,30,6.43,1.54,0.77,0.5
Vilnius,2001,5,11.79,31,12.19,1.69,-0.39,-0.23
Vilnius,2001,6,14.27,30,16.15,1.62,-1.88,-1.15
Vilnius,2001,7,21.26,31,18.3,1.64,2.96,1.81
Vilnius,2001,8,18.23,31,17.6,1.45,0.63,0.44
Vilnius,2001,9,11.72,30,12.56,1.69,-0.84,-0.5
Vilnius,2001,10,7.74,31,6.25,1.71,1.49,0.87
Vilnius,2001,11,-0.31,30,0.89,2.3,-1.2,-0.52
Vilnius,2001,12,-10.34,31,-3.85,3.37,-6.48,-1.93
Vilnius,2002,1,-5.23,31,-5.81,3.47,0.57,0.17
Vilnius,2002,2,0.27,28,-4.88,3.8,5.15,1.36
Vilnius,2002,3,1.46,31,-0.25,2.66,1.71,0.65
Vilnius,2002,4,6.87,30,6.43,1.54,0.44,0.28
Vilnius,2002,5,14.55,31,12.19,1.69,2.37,1.4
Vilnius,2002,6,16.16,30,16.15,1.62,0.02,0.01
Vilnius,2002,7,20.53,31,18.3,1.64,2.22,1.36
Vilnius,2002,8,20.25,31,17.6,1.45,2.65,1.83
Vilnius,2002,9,12.71,30,12.56,1.69,0.15,0.09
Vilnius,2002,10,3.6,31,6.25,1.71,-2.65,-1.55
Vilnius,2002,11,0.1,30,0.89,2.3,-0.8,-0.35
Vilnius,2002,12,-10.5,31,-3.85,3.37,-6.64,-1.97
Vilnius,2003,1,-8.52,31,-5.81,3.47,-2.71,-0.78
Vilnius,2003,2,-9.24,28,-4.88,3.8,-4.36,-1.15
Vilnius,2003,3,-2.15,31,-0.25,2.66,-1.9,-0.71
Vilnius,2003,4,3.95,30,6.43,1.54,-2.48,-1.61
Vilnius,2003,5,12.83,31,12.19,1.69,0.64,0.38
Vilnius,2003,6,14.52,30,16.15,1.62,-1.62,-1.0
Vilnius,2003,7,19.46,31,18.3,1.64,1.15,0.7
Vilnius,2003,8,16.4,31,17.6,1.45,-1.2,-0.83
Vilnius,2003,9,12.1,30,12.56,1.69,-0.46,-0.27
Vilnius,2003,10,3.61,31,6.25,1.71,-2.64,-1.54
Vilnius,2003,11,2.07,30,0.89,2.3,1.18,0.51
Vilnius,2003,12,-2.04,31,-3.85,3.37,1.82,0.54
Vilnius,2004,1,-10.71,31,-5.81,3.47,-4.9,-1.41
Vilnius,2004,2,-5.39,29,-4.88,3.8,-0.51,-0.14
Vilnius,2004,3,-0.43,31,-0.25,2.66,-0.18,-0.07
Vilnius,2004,4,6.12,30,6.43,1.54,-0.31,-0.2
Vilnius,2004,5,9.99,31,12.19,1.69,-2.19,-1.3
Vilnius,2004,6,13.95,30,16.15,1.62,-2.2,-1.35
Vilnius,2004,7,16.49,31,18.3,1.64,-1.82,-1.11
Vilnius,2004,8,17.77,31,17.6,1.45,0.17,0.12
Vilnius,2004,9,12.03,30,12.56,1.69,-0.53,-0.31
Vilnius,2004,10,7.23,31,6.25,1.71,0.98,0.57
Vilnius,2004,11,-0.04,30,0.89,2.3,-0.93,-0.41
Vilnius,2004,12,-1.27,31,-3.85,3.37,2.58,0.77
Vilnius,2005,1,-2.24,31,-5.81,3.47,3.57,1.03
Vilnius,2005,2,-8.78,28,-4.88,3.8,-3.9,-1.03
Vilnius,2005,3,-4.97,31,-0.25,2.66,-4.72,-1.78
Vilnius,2005,4,6.36,30,6.43,1.54,-0.07,-0.05
Vilnius,2005,5,11.75,31,12.19,1.69,-0.44,-0.26
Vilnius,2005,6,14.74,30,16.15,1.62,-1.41,-0.87
Vilnius,2005,7,18.55,31,18.3,1.64,0.25,0.15
Vilnius,2005,8,16.1,31,17.6,1.45,-1.5,-1.04
Vilnius,2005,9,13.63,30,12.56,1.69,1.07,0.63
Vilnius,2005,10,6.98,31,6.25,1.71,0.73,0.43
Vilnius,2005,11,0.56,30,0.89,2.3,-0.33,-0.14
Vilnius,2005,12,-5.21,31,-3.85,3.37,-1.36,-0.4
Vilnius,2006,1,-12.4,31,-5.81,3.47,-6.59,-1.9
Vilnius,2006,2,-9.82,28,-4.88,3.8,-4.94,-1.3
Vilnius,2006,3,-5.22,31,-0.25,2.66,-4.97,-1.87
Vilnius,2006,4,5.14,30,6.43,1.54,-1.29,-0.84
Vilnius,2006,5,11.58,31,12.19,1.69,-0.6,-0.36
Vilnius,2006,6,16.06,30,16.15,1.62,-0.09,-0.05
Vilnius,2006,7,20.21,31,18.3,1.64,1.9,1.16
Vilnius,2006,8,17.3,31,17.6,1.45,-0.29,-0.2
Vilnius,2006,9,13.98,30,12.56,1.69,1.42,0.84
Vilnius,2006,10,8.43,31,6.25,1.71,2.18,1.28
Vilnius,2006,11,2.9,30,0.89,2.3,2.0,0.87
Vilnius,2006,12,1.94,31,-3.85,3.37,5.8,1.72
Vilnius,2007,1,0.14,31,-5.81,3.47,5.95,1.71
Vilnius,2007,2,-9.81,28,-4.88,3.8,-4.93,-1.3
Vilnius,2007,3,3.39,31,-0.25,2.66,3.64,1.37
Vilnius,2007,4,5.58,30,6.43,1.54,-0.85,-0.55
Vilnius,2007,5,13.48,31,12.19,1.69,1.3,0.77
Vilnius,2007,6,17.3,30,16.15,1.62,1.15,0.71
Vilnius,2007,7,16.66,31,18.3,1.64,-1.64,-1.0
Vilnius,2007,8,17.91,31,17.6,1.45,0.31,0.22
Vilnius,2007,9,12.24,30,12.56,1.69,-0.32,-0.19
Vilnius,2007,10,6.55,31,6.25,1.71,0.3,0.17
Vilnius,2007,11,-0.74,30,0.89,2.3,-1.63,-0.71
Vilnius,2007,12,-2.5,31,-3.85,3.37,1.35,0.4
Vilnius,2008,1,-3.65,31,-5.81,3.47,2.16,0.62
Vilnius,2008,2,-0.2,29,-4.88,3.8,4.68,1.23
Vilnius,2008,3,0.95,31,-0.25,2.66,1.2,0.45
Vilnius,2008,4,7.91,30,6.43,1.54,1.48,0.96
Vilnius,2008,5,11.44,31,12.19,1.69,-0.75,-0.44
Vilnius,2008,6,15.24,30,16.15,1.62,-0.9,-0.56
Vilnius,2008,7,17.48,31,18.3,1.64,-0.82,-0.5
Vilnius,2008,8,17.5,31,17.6,1.45,-0.09,-0.07
Vilnius,2008,9,11.58,30,12.56,1.69,-0.98,-0.58
Vilnius,2008,10,7.58,31,6.25,1.71,1.33,0.78
Vilnius,2008,11,1.59,30,0.89,2.3,0.7,0.3
Vilnius,2008,12,-2.47,31,-3.85,3.37,1.38,0.41
Vilnius,2009,1,-7.06,31,-5.81,3.47,-1.25,-0.36
Vilnius,2009,2,-6.49,28,-4.88,3.8,-1.61,-0.42
Vilnius,2009,3,-1.01,31,-0.25,2.66,-0.76,-0.29
Vilnius,2009,4,7.36,30,6.43,1.54,0.93,0.61
Vilnius,2009,5,12.0,31,12.19,1.69,-0.19,-0.11
Vilnius,2009,6,15.05,30,16.15,1.62,-1.09,-0.67
Vilnius,2009,7,17.88,31,18.3,1.64,-0.42,-0.26
Vilnius,2009,8,16.1,31,17.6,1.45,-1.5,-1.03
Vilnius,2009,9,13.59,30,12.56,1.69,1.03,0.61
Vilnius,2009,10,4.27,31,6.25,1.71,-1.98,-1.16
Vilnius,2009,11,1.93,30,0.89,2.3,1.03,0.45
Vilnius,2009,12,-4.85,31,-3.85,3.37,-0.99,-0.3
Vilnius,2010,1,-14.32,31,-5.81,3.47,-8.51,-2.45
Vilnius,2010,2,-7.01,28,-4.88,3.8,-2.13,-0.56
Vilnius,2010,3,-1.59,31,-0.25,2.66,-1.34,-0.5
Vilnius,2010,4,6.82,30,6.43,1.54,0.39,0.25
Vilnius,2010,5,13.54,31,12.19,1.69,1.36,0.8
Vilnius,2010,6,16.47,30,16.15,1.62,0.33,0.2
Vilnius,2010,7,21.28,31,18.3,1.64,2.98,1.82
Vilnius,2010,8,19.2,31,17.6,1.45,1.6,1.11
Vilnius,2010,9,10.83,30,12.56,1.69,-1.73,-1.02
Vilnius,2010,10,3.42,31,6.25,1.71,-2.83,-1.66
Vilnius,2010,11,2.8,30,0.89,2.3,1.91,0.83
Vilnius,2010,12,-9.79,31,-3.85,3.37,-5.94,-1.76
Vilnius,2011,1,-6.29,31,-5.81,3.47,-0.48,-0.14
Vilnius,2011,2,-9.9,28,-4.88,3.8,-5.02,-1.32
Vilnius,2011,3,-2.06,31,-0.25,2.66,-1.81,-0.68
Vilnius,2011,4,7.58,30,6.43,1.54,1.15,0.75
Vilnius,2011,5,12.4,31,12.19,1.69,0.22,0.13
Vilnius,2011,6,17.46,30,16.15,1.62,1.31,0.81
Vilnius,2011,7,19.45,31,18.3,1.64,1.14,0.7
Vilnius,2011,8,16.99,31,17.6,1.45,-0.61,-0.42
Vilnius,2011,9,12.81,30,12.56,1.69,0.24,0.14
Vilnius,2011,10,5.83,31,6.25,1.71,-0.42,-0.24
Vilnius,2011,11,1.46,30,0.89,2.3,0.57,0.25
Vilnius,2011,12,-0.25,31,-3.85,3.37,3.6,1.07
Vilnius,2012,1,-6.17,31,-5.81,3.47,-0.36,-0.1
Vilnius,2012,2,-11.79,29,-4.88,3.8,-6.92,-1.82
Vilnius,2012,3,0.5,31,-0.25,2.66,0.75,0.28
Vilnius,2012,4,6.87,30,6.43,1.54,0.44,0.29
Vilnius,2012,5,13.23,31,12.19,1.69,1.04,0.62
Vilnius,2012,6,15.0,30,16.15,1.62,-1.14,-0.7
Vilnius,2012,7,19.12,31,18.3,1.64,0.82,0.5
Vilnius,2012,8,16.45,31,17.6,1.45,-1.15,-0.79
Vilnius,2012,9,12.97,30,12.56,1.69,0.41,0.24
Vilnius,2012,10,6.32,31,6.25,1.71,0.07,0.04
Vilnius,2012,11,2.93,30,0.89,2.3,2.04,0.89
Vilnius,2012,12,-6.92,31,-3.85,3.37,-3.06,-0.91
Vilnius,2013,1,-9.85,31,-5.81,3.47,-4.04,-1.16
Vilnius,2013,2,-4.54,28,-4.88,3.8,0.34,0.09
Vilnius,2013,3,-7.29,31,-0.25,2.66,-7.04,-2.65
Vilnius,2013,4,3.92,30,6.43,1.54,-2.51,-1.63
Vilnius,2013,5,15.26,31,12.19,1.69,3.07,1.82
Vilnius,2013,6,18.12,30,16.15,1.62,1.98,1.22
Vilnius,2013,7,18.1,31,18.3,1.64,-0.2,-0.13
Vilnius,2013,8,17.4,31,17.6,1.45,-0.2,-0.14
Vilnius,2013,9,11.47,30,12.56,1.69,-1.09,-0.65
Vilnius,2013,10,7.07,31,6.25,1.71,0.82,0.48
Vilnius,2013,11,3.34,30,0.89,2.3,2.45,1.06
Vilnius,2013,12,-1.13,31,-3.85,3.37,2.72,0.81
Vilnius,2014,1,-8.0,31,-5.81,3.47,-2.19,-0.63
Vilnius,2014,2,-2.52,28,-4.88,3.8,2.36,0.62
Vilnius,2014,3,3.63,31,-0.25,2.66,3.88,1.46
Vilnius,2014,4,7.61,30,6.43,1.54,1.18,0.77
Vilnius,2014,5,13.15,31,12.19,1.69,0.97,0.57
Vilnius,2014,6,14.59,30,16.15,1.62,-1.56,-0.96
Vilnius,2014,7,19.85,31,18.3,1.64,1.55,0.95
Vilnius,2014,8,17.98,31,17.6,1.45,0.39,0.27
Vilnius,2014,9,12.7,30,12.56,1.69,0.14,0.08
Vilnius,2014,10,5.99,31,6.25,1.71,-0.26,-0.15
Vilnius,2014,11,0.11,30,0.89,2.3,-0.78,-0.34
Vilnius,2014,12,-3.86,31,-3.85,3.37,-0.01,-0.0
Vilnius,2015,1,-2.7,31,-5.81,3.47,3.11,0.9
Vilnius,2015,2,-2.76,28,-4.88,3.8,2.12,0.56
Vilnius,2015,3,2.46,31,-0.25,2.66,2.71,1.02
Vilnius,2015,4,6.02,30,6.43,1.54,-0.41,-0.27
Vilnius,2015,5,11.32,31,12.19,1.69,-0.86,-0.51
Vilnius,2015,6,15.38,30,16.15,1.62,-0.76,-0.47
Vilnius,2015,7,17.39,31,18.3,1.64,-0.92,-0.56
Vilnius,2015,8,20.36,31,17.6,1.45,2.77,1.91
Vilnius,2015,9,14.16,30,12.56,1.69,1.6,0.94
Vilnius,2015,10,4.91,31,6.25,1.71,-1.34,-0.79
Vilnius,2015,11,3.09,30,0.89,2.3,2.2,0.95
Vilnius,2015,12,0.4,31,-3.85,3.37,4.26,1.27
Vilnius,2016,1,-8.5,31,-5.81,3.47,-2.69,-0.78
Vilnius,2016,2,-0.02,29,-4.88,3.8,4.86,1.28
Vilnius,2016,3,0.67,31,-0.25,2.66,0.92,0.35
Vilnius,2016,4,6.45,30,6.43,1.54,0.02,0.02
Vilnius,2016,5,14.35,31,12.19,1.69,2.17,1.28
Vilnius,2016,6,17.43,30,16.15,1.62,1.29,0.79
Vilnius,2016,7,18.44,31,18.3,1.64,0.14,0.09
Vilnius,2016,8,17.13,31,17.6,1.45,-0.46,-0.32
Vilnius,2016,9,13.34,30,12.56,1.69,0.78,0.46
Vilnius,2016,10,4.33,31,6.25,1.71,-1.92,-1.12
Vilnius,2016,11,-0.82,30,0.89,2.3,-1.71,-0.75
Vilnius,2016,12,-2.23,31,-3.85,3.37,1.63,0.48
Vilnius,2017,1,-7.57,31,-5.81,3.47,-1.76,-0.51
Vilnius,2017,2,-5.38,28,-4.88,3.8,-0.5,-0.13
Vilnius,2017,3,2.49,31,-0.25,2.66,2.74,1.03
Vilnius,2017,4,4.77,30,6.43,1.54,-1.66,-1.08
Vilnius,2017,5,11.77,31,12.19,1.69,-0.41,-0.24
Vilnius,2017,6,15.13,30,16.15,1.62,-1.01,-0.62
Vilnius,2017,7,16.44,31,18.3,1.64,-1.86,-1.14
Vilnius,2017,8,17.08,31,17.6,1.45,-0.52,-0.36
Vilnius,2017,9,12.79,30,12.56,1.69,0.23,0.14
Vilnius,2017,10,6.1,31,6.25,1.71,-0.15,-0.09
Vilnius,2017,11,2.04,30,0.89,2.3,1.15,0.5
Vilnius,2017,12,-1.59,31,-3.85,3.37,2.27,0.67
Vilnius,2018,1,-3.95,31,-5.81,3.47,1.86,0.54
Vilnius,2018,2,-8.37,28,-4.88,3.8,-3.49,-0.92
Vilnius,2018,3,-3.04,31,-0.25,2.66,-2.79,-1.05
Vilnius,2018,4,8.82,30,6.43,1.54,2.39,1.55
Vilnius,2018,5,15.78,31,12.19,1.69,3.59,2.13
Vilnius,2018,6,16.56,30,16.15,1.62,0.41,0.25
Vilnius,2018,7,19.26,31,18.3,1.64,0.96,0.59
Vilnius,2018,8,18.66,31,17.6,1.45,1.07,0.74
Vilnius,2018,9,14.11,30,12.56,1.69,1.55,0.92
Vilnius,2018,10,7.18,31,6.25,1.71,0.93,0.55
Vilnius,2018,11,0.86,30,0.89,2.3,-0.04,-0.02
Vilnius,2018,12,-4.15,31,-3.85,3.37,-0.29,-0.09
Vilnius,2019,1,-7.82,31,-5.81,3.47,-2.01,-0.58
Vilnius,2019,2,-1.8,28,-4.88,3.8,3.07,0.81
Vilnius,2019,3,1.82,31,-0.25,2.66,2.07,0.78
Vilnius,2019,4,7.34,30,6.43,1.54,0.91,0.59
Vilnius,2019,5,12.85,31,12.19,1.69,0.66,0.39
Vilnius,2019,6,20.07,30,16.15,1.62,3.92,2.42
Vilnius,2019,7,17.17,31,18.3,1.64,-1.13,-0.69
Vilnius,2019,8,18.36,31,17.6,1.45,0.77,0.53
Vilnius,2019,9,12.78,30,12.56,1.69,0.22,0.13
Vilnius,2019,10,8.61,31,6.25,1.71,2.36,1.38
Vilnius,2019,11,3.68,30,0.89,2.3,2.79,1.21
Vilnius,2019,12,0.4,31,-3.85,3.37,4.25,1.26
Vilnius,2020,1,0.22,31,-5.81,3.47,6.03,1.74
Vilnius,2020,2,0.53,29,-4.88,3.8,5.41,1.42
Vilnius,2020,3,2.4,31,-0.25,2.66,2.65,1.0
Vilnius,2020,4,5.29,30,6.43,1.54,-1.14,-0.74
Vilnius,2020,5,9.58,31,12.19,1.69,-2.6,-1.54
Vilnius,2020,6,18.53,30,16.15,1.62,2.39,1.47
Vilnius,2020,7,17.31,31,18.3,1.64,-1.0,-0.61
Vilnius,2020,8,18.68,31,17.6,1.45,1.09,0.75
Vilnius,2020,9,14.38,30,12.56,1.69,1.82,1.07
Vilnius,2020,10,9.46,31,6.25,1.71,3.21,1.88
Vilnius,2020,11,3.22,30,0.89,2.3,2.33,1.01
Vilnius,2020,12,-2.23,31,-3.85,3.37,1.62,0.48
Vilnius,2021,1,-6.99,31,-5.81,3.47,-1.19,-0.34
Vilnius,2021,2,-8.73,28,-4.88,3.8,-3.85,-1.01
Vilnius,2021,3,0.13,31,-0.25,2.66,0.38,0.14
Vilnius,2021,4,5.0,30,6.43,1.54,-1.43,-0.93
Vilnius,2021,5,10.67,31,12.19,1.69,-1.52,-0.9
Vilnius,2021,6,18.77,30,16.15,1.62,2.63,1.62
Vilnius,2021,7,21.56,31,18.3,1.64,3.25,1.99
Vilnius,2021,8,16.47,31,17.6,1.45,-1.13,-0.78
Vilnius,2021,9,10.7,30,12.56,1.69,-1.87,-1.1
Vilnius,2021,10,6.62,31,6.25,1.71,0.38,0.22
Vilnius,2021,11,2.36,30,0.89,2.3,1.47,0.64
Vilnius,2021,12,-5.93,31,-3.85,3.37,-2.07,-0.62
Vilnius,2022,1,-3.07,31,-5.81,3.47,2.74,0.79
Vilnius,2022,2,-0.91,28,-4.88,3.8,3.97,1.05
Vilnius,2022,3,0.22,31,-0.25,2.66,0.47,0.18
Vilnius,2022,4,4.59,30,6.43,1.54,-1.84,-1.2
Vilnius,2022,5,10.32,31,12.19,1.69,-1.86,-1.1
Vilnius,2022,6,17.83,30,16.15,1.62,1.69,1.04
Vilnius,2022,7,17.45,31,18.3,1.64,-0.86,-0.52
Vilnius,2022,8,19.65,31,17.6,1.45,2.05,1.42
Vilnius,2022,9,10.15,30,12.56,1.69,-2.41,-1.43
Vilnius,2022,10,8.45,31,6.25,1.71,2.2,1.28
Vilnius,2022,11,1.26,30,0.89,2.3,0.37,0.16
Vilnius,2022,12,-5.8,31,-3.85,3.37,-1.94,-0.58
Vilnius,2023,1,-2.55,31,-5.81,3.47,3.26,0.94
Vilnius,2023,2,-3.14,28,-4.88,3.8,1.74,0.46
Vilnius,2023,3,1.19,31,-0.25,2.66,1.43,0.54
Vilnius,2023,4,7.54,30,6.43,1.54,1.11,0.72
Vilnius,2023,5,11.72,31,12.19,1.69,-0.47,-0.28
Vilnius,2023,6,16.66,30,16.15,1.62,0.52,0.32
Vilnius,2023,7,17.35,31,18.3,1.64,-0.96,-0.58
Vilnius,2023,8,19.66,31,17.6,1.45,2.07,1.43
Vilnius,2023,9,16.05,30,12.56,1.69,3.49,2.07
Vilnius,2023,10,7.39,31,6.25,1.71,1.14,0.67
Vilnius,2023,11,0.84,30,0.89,2.3,-0.05,-0.02
Vilnius,2023,12,-2.15,31,-3.85,3.37,1.7,0.51
Vilnius,2024,1,-6.18,31,-5.81,3.47,-0.37,-0.11
Vilnius,2024,2,0.78,29,-4.88,3.8,5.66,1.49
Vilnius,2024,3,3.27,31,-0.25,2.66,3.52,1.33
Vilnius,2024,4,8.72,30,6.43,1.54,2.29,1.49
Vilnius,2024,5,14.53,31,12.19,1.69,2.34,1.39
Vilnius,2024,6,17.74,30,16.15,1.62,1.6,0.98
Vilnius,2024,7,19.71,31,18.3,1.64,1.4,0.86
Vilnius,2024,8,19.22,31,17.6,1.45,1.63,1.13
Vilnius,2024,9,16.65,30,12.56,1.69,4.09,2.42
Vilnius,2024,10,7.53,31,6.25,1.71,1.28,0.75
Vilnius,2024,11,1.85,30,0.89,2.3,0.96,0.42
Vilnius,2024,12,-0.45,31,-3.85,3.37,3.4,1.01
Vilnius,2025,1,-0.42,31,-5.81,3.47,5.39,1.55
Vilnius,2025,2,-4.67,28,-4.88,3.8,0.21,0.06
Vilnius,2025,3,3.67,31,-0.25,2.66,3.92,1.48
Vilnius,2025,4,8.63,30,6.43,1.54,2.2,1.43
Vilnius,2025,5,9.69,31,12.19,1.69,-2.49,-1.48
Vilnius,2025,6,15.67,30,16.15,1.62,-0.48,-0.3
Vilnius,2025,7,19.13,31,18.3,1.64,0.83,0.51
Vilnius,2025,8,16.31,31,17.6,1.45,-1.29,-0.89
Vilnius,2025,9,14.61,30,12.56,1.69,2.05,1.21
Vilnius,2025,10,6.48,31,6.25,1.71,0.23,0.14
Vilnius,2025,11,1.61,30,0.89,2.3,0.72,0.31
Vilnius,2025,12,-0.65,31,-3.85,3.37,3.21,0.95
Vilnius,2026,1,-12.61,31,-5.81,3.47,-6.8,-1.96
Vilnius,2026,2,-10.36,28,-4.88,3.8,-5.48,-1.44
Vilnius,2026,3,-99.89,29,-0.25,2.66,-99.65,-37.52
